Target,Mode,Run,Function,N_test_in_function,Correct_in_function,Accuracy_in_function,TN_in_function,FP_in_function,FN_in_function,TP_in_function
Mutagenic,Original,1,Colorant,68,51,75.0,,,,
Mutagenic,Original,1,Filler,33,27,81.81818181818183,,,,
Mutagenic,Original,1,Initiator,8,6,75.0,,,,
Mutagenic,Original,1,Other_Processing_Aids,57,37,64.91228070175438,,,,
Mutagenic,Original,1,Antioxidant,15,8,53.333333333333336,,,,
Mutagenic,Original,1,Catalyst,17,13,76.47058823529412,,,,
Mutagenic,Original,1,Heat_stabilizer,5,3,60.0,,,,
Mutagenic,Original,1,Intermediate,34,25,73.52941176470588,,,,
Mutagenic,Original,1,Light_stabilizer,16,11,68.75,,,,
Mutagenic,Original,1,Monomer,21,15,71.42857142857143,,,,
Mutagenic,Original,1,Plasticizer,20,10,50.0,,,,
Mutagenic,Original,1,Odor_Agent,19,14,73.68421052631578,,,,
Mutagenic,Original,1,Lubricant,31,21,67.74193548387096,,,,
Mutagenic,Original,1,Crosslinking_agent,18,12,66.66666666666666,,,,
Mutagenic,Original,1,Biocide,26,20,76.92307692307693,,,,
Mutagenic,Original,1,Antistatic_agent,5,3,60.0,,,,
Mutagenic,Original,1,Viscosity_modifier,3,1,33.33333333333333,,,,
Mutagenic,Original,1,Flame_retardant,8,5,62.5,,,,
Mutagenic,Original,1,NIAS,1,1,100.0,,,,
Mutagenic,Original,1,Solvent,3,3,100.0,,,,
Mutagenic,Original,1,Stabilizer,1,0,0.0,,,,
Mutagenic,Original,1,Blowing_agent,1,1,100.0,,,,
Mutagenic,Original,2,Antistatic_agent,5,2,40.0,,,,
Mutagenic,Original,2,Biocide,19,13,68.42105263157895,,,,
Mutagenic,Original,2,Catalyst,20,14,70.0,,,,
Mutagenic,Original,2,Colorant,68,47,69.11764705882352,,,,
Mutagenic,Original,2,Crosslinking_agent,19,9,47.368421052631575,,,,
Mutagenic,Original,2,Filler,36,24,66.66666666666666,,,,
Mutagenic,Original,2,Intermediate,37,23,62.16216216216216,,,,
Mutagenic,Original,2,Light_stabilizer,21,11,52.38095238095239,,,,
Mutagenic,Original,2,Lubricant,26,17,65.38461538461539,,,,
Mutagenic,Original,2,Odor_Agent,16,11,68.75,,,,
Mutagenic,Original,2,Other_Processing_Aids,64,40,62.5,,,,
Mutagenic,Original,2,Viscosity_modifier,2,0,0.0,,,,
Mutagenic,Original,2,Monomer,20,16,80.0,,,,
Mutagenic,Original,2,Initiator,11,6,54.54545454545454,,,,
Mutagenic,Original,2,Antioxidant,19,12,63.1578947368421,,,,
Mutagenic,Original,2,Plasticizer,16,9,56.25,,,,
Mutagenic,Original,2,Heat_stabilizer,9,5,55.55555555555556,,,,
Mutagenic,Original,2,Flame_retardant,7,5,71.42857142857143,,,,
Mutagenic,Original,2,Solvent,1,0,0.0,,,,
Mutagenic,Original,2,Unspecified_additive,1,1,100.0,,,,
Mutagenic,Original,2,NIAS,1,1,100.0,,,,
Mutagenic,Original,2,Impurity,1,1,100.0,,,,
Mutagenic,Original,2,Surfactant,1,1,100.0,,,,
Mutagenic,Original,3,Biocide,23,16,69.56521739130434,,,,
Mutagenic,Original,3,Colorant,71,47,66.19718309859155,,,,
Mutagenic,Original,3,Crosslinking_agent,16,11,68.75,,,,
Mutagenic,Original,3,Filler,32,21,65.625,,,,
Mutagenic,Original,3,Light_stabilizer,17,9,52.94117647058824,,,,
Mutagenic,Original,3,Lubricant,26,15,57.692307692307686,,,,
Mutagenic,Original,3,Odor_Agent,13,10,76.92307692307693,,,,
Mutagenic,Original,3,Other_Processing_Aids,59,36,61.016949152542374,,,,
Mutagenic,Original,3,Plasticizer,17,11,64.70588235294117,,,,
Mutagenic,Original,3,Intermediate,39,29,74.35897435897436,,,,
Mutagenic,Original,3,Monomer,20,12,60.0,,,,
Mutagenic,Original,3,Catalyst,12,8,66.66666666666666,,,,
Mutagenic,Original,3,Initiator,7,4,57.14285714285714,,,,
Mutagenic,Original,3,Antioxidant,11,4,36.36363636363637,,,,
Mutagenic,Original,3,Flame_retardant,4,3,75.0,,,,
Mutagenic,Original,3,Viscosity_modifier,1,1,100.0,,,,
Mutagenic,Original,3,Heat_stabilizer,5,2,40.0,,,,
Mutagenic,Original,3,Solvent,1,1,100.0,,,,
Mutagenic,Original,3,Antistatic_agent,1,1,100.0,,,,
Mutagenic,Original,3,Stabilizer,1,0,0.0,,,,
Mutagenic,Original,4,Colorant,64,37,57.8125,,,,
Mutagenic,Original,4,Lubricant,31,22,70.96774193548387,,,,
Mutagenic,Original,4,Monomer,21,15,71.42857142857143,,,,
Mutagenic,Original,4,Other_Processing_Aids,57,35,61.40350877192983,,,,
Mutagenic,Original,4,Plasticizer,18,12,66.66666666666666,,,,
Mutagenic,Original,4,Antioxidant,15,12,80.0,,,,
Mutagenic,Original,4,Antistatic_agent,6,6,100.0,,,,
Mutagenic,Original,4,Catalyst,24,18,75.0,,,,
Mutagenic,Original,4,Filler,37,25,67.56756756756756,,,,
Mutagenic,Original,4,Light_stabilizer,17,11,64.70588235294117,,,,
Mutagenic,Original,4,Odor_Agent,16,13,81.25,,,,
Mutagenic,Original,4,Intermediate,43,30,69.76744186046511,,,,
Mutagenic,Original,4,Crosslinking_agent,36,25,69.44444444444444,,,,
Mutagenic,Original,4,Heat_stabilizer,3,2,66.66666666666666,,,,
Mutagenic,Original,4,Initiator,15,10,66.66666666666666,,,,
Mutagenic,Original,4,Flame_retardant,9,7,77.77777777777779,,,,
Mutagenic,Original,4,Biocide,22,13,59.09090909090909,,,,
Mutagenic,Original,4,Blowing_agent,4,3,75.0,,,,
Mutagenic,Original,4,Viscosity_modifier,3,3,100.0,,,,
Mutagenic,Original,4,Solvent,1,0,0.0,,,,
Mutagenic,Original,4,NIAS,1,1,100.0,,,,
Mutagenic,Original,4,Impurity,1,1,100.0,,,,
Mutagenic,Original,5,Antioxidant,19,13,68.42105263157895,,,,
Mutagenic,Original,5,Catalyst,20,11,55.00000000000001,,,,
Mutagenic,Original,5,Crosslinking_agent,27,15,55.55555555555556,,,,
Mutagenic,Original,5,Initiator,9,4,44.44444444444444,,,,
Mutagenic,Original,5,Intermediate,48,26,54.166666666666664,,,,
Mutagenic,Original,5,Other_Processing_Aids,69,38,55.072463768115945,,,,
Mutagenic,Original,5,Plasticizer,22,10,45.45454545454545,,,,
Mutagenic,Original,5,Viscosity_modifier,6,6,100.0,,,,
Mutagenic,Original,5,Colorant,73,47,64.38356164383562,,,,
Mutagenic,Original,5,Filler,38,25,65.78947368421053,,,,
Mutagenic,Original,5,Monomer,14,9,64.28571428571429,,,,
Mutagenic,Original,5,Heat_stabilizer,11,8,72.72727272727273,,,,
Mutagenic,Original,5,Light_stabilizer,25,15,60.0,,,,
Mutagenic,Original,5,Odor_Agent,13,10,76.92307692307693,,,,
Mutagenic,Original,5,Biocide,18,13,72.22222222222221,,,,
Mutagenic,Original,5,Lubricant,30,20,66.66666666666666,,,,
Mutagenic,Original,5,Solvent,3,2,66.66666666666666,,,,
Mutagenic,Original,5,Flame_retardant,6,4,66.66666666666666,,,,
Mutagenic,Original,5,Antistatic_agent,4,3,75.0,,,,
Mutagenic,Original,5,Blowing_agent,4,2,50.0,,,,
Mutagenic,Original,5,Stabilizer,1,0,0.0,,,,
Mutagenic,Original,6,Colorant,72,48,66.66666666666666,,,,
Mutagenic,Original,6,Crosslinking_agent,21,12,57.14285714285714,,,,
Mutagenic,Original,6,Filler,37,24,64.86486486486487,,,,
Mutagenic,Original,6,Light_stabilizer,22,15,68.18181818181817,,,,
Mutagenic,Original,6,Lubricant,33,18,54.54545454545454,,,,
Mutagenic,Original,6,Odor_Agent,20,13,65.0,,,,
Mutagenic,Original,6,Other_Processing_Aids,55,34,61.81818181818181,,,,
Mutagenic,Original,6,Intermediate,46,30,65.21739130434783,,,,
Mutagenic,Original,6,Antioxidant,17,10,58.82352941176471,,,,
Mutagenic,Original,6,Plasticizer,15,7,46.666666666666664,,,,
Mutagenic,Original,6,Viscosity_modifier,4,3,75.0,,,,
Mutagenic,Original,6,Biocide,30,20,66.66666666666666,,,,
Mutagenic,Original,6,Blowing_agent,2,1,50.0,,,,
Mutagenic,Original,6,Catalyst,16,9,56.25,,,,
Mutagenic,Original,6,Monomer,16,9,56.25,,,,
Mutagenic,Original,6,Antistatic_agent,2,1,50.0,,,,
Mutagenic,Original,6,Initiator,9,5,55.55555555555556,,,,
Mutagenic,Original,6,Flame_retardant,8,4,50.0,,,,
Mutagenic,Original,6,Heat_stabilizer,3,1,33.33333333333333,,,,
Mutagenic,Original,6,Solvent,2,2,100.0,,,,
Mutagenic,Original,7,Biocide,19,12,63.1578947368421,,,,
Mutagenic,Original,7,Colorant,66,45,68.18181818181817,,,,
Mutagenic,Original,7,Filler,26,17,65.38461538461539,,,,
Mutagenic,Original,7,Intermediate,36,24,66.66666666666666,,,,
Mutagenic,Original,7,Other_Processing_Aids,60,40,66.66666666666666,,,,
Mutagenic,Original,7,Light_stabilizer,25,14,56.00000000000001,,,,
Mutagenic,Original,7,Flame_retardant,5,5,100.0,,,,
Mutagenic,Original,7,Odor_Agent,14,8,57.14285714285714,,,,
Mutagenic,Original,7,Plasticizer,19,10,52.63157894736842,,,,
Mutagenic,Original,7,Viscosity_modifier,3,2,66.66666666666666,,,,
Mutagenic,Original,7,Lubricant,25,10,40.0,,,,
Mutagenic,Original,7,Antioxidant,12,5,41.66666666666667,,,,
Mutagenic,Original,7,Catalyst,20,13,65.0,,,,
Mutagenic,Original,7,Crosslinking_agent,19,11,57.89473684210527,,,,
Mutagenic,Original,7,Heat_stabilizer,4,1,25.0,,,,
Mutagenic,Original,7,Initiator,9,7,77.77777777777779,,,,
Mutagenic,Original,7,Solvent,2,2,100.0,,,,
Mutagenic,Original,7,Monomer,13,11,84.61538461538461,,,,
Mutagenic,Original,7,Blowing_agent,1,0,0.0,,,,
Mutagenic,Original,7,Unspecified_additive,1,1,100.0,,,,
Mutagenic,Original,7,Antistatic_agent,2,1,50.0,,,,
Mutagenic,Original,7,NIAS,2,2,100.0,,,,
Mutagenic,Original,7,Impurity,1,1,100.0,,,,
Mutagenic,Original,8,Intermediate,44,28,63.63636363636363,,,,
Mutagenic,Original,8,Other_Processing_Aids,62,40,64.51612903225806,,,,
Mutagenic,Original,8,Colorant,61,39,63.934426229508205,,,,
Mutagenic,Original,8,Filler,37,23,62.16216216216216,,,,
Mutagenic,Original,8,Catalyst,19,13,68.42105263157895,,,,
Mutagenic,Original,8,Crosslinking_agent,31,18,58.06451612903226,,,,
Mutagenic,Original,8,Initiator,11,8,72.72727272727273,,,,
Mutagenic,Original,8,Lubricant,31,20,64.51612903225806,,,,
Mutagenic,Original,8,Plasticizer,12,8,66.66666666666666,,,,
Mutagenic,Original,8,Viscosity_modifier,4,3,75.0,,,,
Mutagenic,Original,8,Biocide,25,18,72.0,,,,
Mutagenic,Original,8,Odor_Agent,16,10,62.5,,,,
Mutagenic,Original,8,Light_stabilizer,20,16,80.0,,,,
Mutagenic,Original,8,Antioxidant,18,12,66.66666666666666,,,,
Mutagenic,Original,8,Monomer,18,12,66.66666666666666,,,,
Mutagenic,Original,8,Flame_retardant,7,5,71.42857142857143,,,,
Mutagenic,Original,8,Antistatic_agent,6,4,66.66666666666666,,,,
Mutagenic,Original,8,Heat_stabilizer,4,3,75.0,,,,
Mutagenic,Original,8,NIAS,1,1,100.0,,,,
Mutagenic,Original,8,Impurity,1,1,100.0,,,,
Mutagenic,Original,8,Solvent,2,1,50.0,,,,
Mutagenic,Original,8,Stabilizer,1,1,100.0,,,,
Mutagenic,Original,9,Biocide,27,18,66.66666666666666,,,,
Mutagenic,Original,9,Colorant,71,48,67.6056338028169,,,,
Mutagenic,Original,9,Filler,37,23,62.16216216216216,,,,
Mutagenic,Original,9,Lubricant,40,27,67.5,,,,
Mutagenic,Original,9,Other_Processing_Aids,66,38,57.57575757575758,,,,
Mutagenic,Original,9,Intermediate,45,26,57.77777777777777,,,,
Mutagenic,Original,9,Odor_Agent,16,10,62.5,,,,
Mutagenic,Original,9,Crosslinking_agent,24,15,62.5,,,,
Mutagenic,Original,9,Antioxidant,22,14,63.63636363636363,,,,
Mutagenic,Original,9,Light_stabilizer,18,12,66.66666666666666,,,,
Mutagenic,Original,9,Monomer,19,10,52.63157894736842,,,,
Mutagenic,Original,9,Antistatic_agent,4,3,75.0,,,,
Mutagenic,Original,9,Heat_stabilizer,7,4,57.14285714285714,,,,
Mutagenic,Original,9,Blowing_agent,3,2,66.66666666666666,,,,
Mutagenic,Original,9,Catalyst,19,13,68.42105263157895,,,,
Mutagenic,Original,9,Plasticizer,23,11,47.82608695652174,,,,
Mutagenic,Original,9,Flame_retardant,7,3,42.857142857142854,,,,
Mutagenic,Original,9,Initiator,9,7,77.77777777777779,,,,
Mutagenic,Original,9,Stabilizer,1,0,0.0,,,,
Mutagenic,Original,9,Impact_modifier,1,0,0.0,,,,
Mutagenic,Original,9,Solvent,6,5,83.33333333333334,,,,
Mutagenic,Original,9,Viscosity_modifier,2,1,50.0,,,,
Mutagenic,Original,10,Flame_retardant,4,2,50.0,,,,
Mutagenic,Original,10,Catalyst,20,15,75.0,,,,
Mutagenic,Original,10,Intermediate,38,22,57.89473684210527,,,,
Mutagenic,Original,10,Light_stabilizer,20,14,70.0,,,,
Mutagenic,Original,10,Odor_Agent,15,9,60.0,,,,
Mutagenic,Original,10,Colorant,65,44,67.6923076923077,,,,
Mutagenic,Original,10,Crosslinking_agent,27,14,51.85185185185185,,,,
Mutagenic,Original,10,Initiator,12,8,66.66666666666666,,,,
Mutagenic,Original,10,Lubricant,23,14,60.86956521739131,,,,
Mutagenic,Original,10,Other_Processing_Aids,65,39,60.0,,,,
Mutagenic,Original,10,Plasticizer,12,6,50.0,,,,
Mutagenic,Original,10,Solvent,4,3,75.0,,,,
Mutagenic,Original,10,Antioxidant,14,9,64.28571428571429,,,,
Mutagenic,Original,10,Biocide,21,17,80.95238095238095,,,,
Mutagenic,Original,10,Filler,32,18,56.25,,,,
Mutagenic,Original,10,Heat_stabilizer,6,3,50.0,,,,
Mutagenic,Original,10,Monomer,14,8,57.14285714285714,,,,
Mutagenic,Original,10,Unspecified_additive,1,1,100.0,,,,
Mutagenic,Original,10,Viscosity_modifier,1,1,100.0,,,,
Mutagenic,Original,10,Blowing_agent,1,0,0.0,,,,
Mutagenic,Original,11,Colorant,70,47,67.14285714285714,,,,
Mutagenic,Original,11,Filler,36,25,69.44444444444444,,,,
Mutagenic,Original,11,Intermediate,38,22,57.89473684210527,,,,
Mutagenic,Original,11,Other_Processing_Aids,68,41,60.29411764705882,,,,
Mutagenic,Original,11,Unspecified_additive,1,0,0.0,,,,
Mutagenic,Original,11,Odor_Agent,17,12,70.58823529411765,,,,
Mutagenic,Original,11,Catalyst,21,12,57.14285714285714,,,,
Mutagenic,Original,11,Heat_stabilizer,10,6,60.0,,,,
Mutagenic,Original,11,Light_stabilizer,23,16,69.56521739130434,,,,
Mutagenic,Original,11,Flame_retardant,1,0,0.0,,,,
Mutagenic,Original,11,Crosslinking_agent,18,10,55.55555555555556,,,,
Mutagenic,Original,11,Biocide,22,14,63.63636363636363,,,,
Mutagenic,Original,11,Lubricant,31,20,64.51612903225806,,,,
Mutagenic,Original,11,Plasticizer,21,9,42.857142857142854,,,,
Mutagenic,Original,11,Monomer,8,4,50.0,,,,
Mutagenic,Original,11,Antioxidant,15,8,53.333333333333336,,,,
Mutagenic,Original,11,Solvent,3,3,100.0,,,,
Mutagenic,Original,11,Initiator,6,6,100.0,,,,
Mutagenic,Original,11,Surfactant,1,1,100.0,,,,
Mutagenic,Original,11,Blowing_agent,1,0,0.0,,,,
Mutagenic,Original,11,Antistatic_agent,3,0,0.0,,,,
Mutagenic,Original,11,Viscosity_modifier,1,0,0.0,,,,
Mutagenic,Original,12,Colorant,71,46,64.7887323943662,,,,
Mutagenic,Original,12,Other_Processing_Aids,60,34,56.666666666666664,,,,
Mutagenic,Original,12,Antioxidant,20,13,65.0,,,,
Mutagenic,Original,12,Intermediate,40,24,60.0,,,,
Mutagenic,Original,12,Biocide,27,23,85.18518518518519,,,,
Mutagenic,Original,12,Catalyst,22,15,68.18181818181817,,,,
Mutagenic,Original,12,Filler,30,21,70.0,,,,
Mutagenic,Original,12,Lubricant,28,16,57.14285714285714,,,,
Mutagenic,Original,12,Monomer,17,15,88.23529411764706,,,,
Mutagenic,Original,12,Odor_Agent,17,15,88.23529411764706,,,,
Mutagenic,Original,12,Plasticizer,17,9,52.94117647058824,,,,
Mutagenic,Original,12,Solvent,1,1,100.0,,,,
Mutagenic,Original,12,Flame_retardant,5,3,60.0,,,,
Mutagenic,Original,12,Crosslinking_agent,22,11,50.0,,,,
Mutagenic,Original,12,Initiator,13,8,61.53846153846154,,,,
Mutagenic,Original,12,Light_stabilizer,11,7,63.63636363636363,,,,
Mutagenic,Original,12,Antistatic_agent,5,4,80.0,,,,
Mutagenic,Original,12,Impact_modifier,1,1,100.0,,,,
Mutagenic,Original,12,Viscosity_modifier,2,1,50.0,,,,
Mutagenic,Original,12,Heat_stabilizer,2,0,0.0,,,,
Mutagenic,Original,12,Blowing_agent,3,3,100.0,,,,
Mutagenic,Original,12,Surfactant,1,1,100.0,,,,
Mutagenic,Original,13,Colorant,65,45,69.23076923076923,,,,
Mutagenic,Original,13,Biocide,23,19,82.6086956521739,,,,
Mutagenic,Original,13,Crosslinking_agent,26,19,73.07692307692307,,,,
Mutagenic,Original,13,Antioxidant,20,12,60.0,,,,
Mutagenic,Original,13,Filler,34,22,64.70588235294117,,,,
Mutagenic,Original,13,Intermediate,41,26,63.41463414634146,,,,
Mutagenic,Original,13,Lubricant,24,17,70.83333333333334,,,,
Mutagenic,Original,13,Monomer,15,6,40.0,,,,
Mutagenic,Original,13,Odor_Agent,17,13,76.47058823529412,,,,
Mutagenic,Original,13,Other_Processing_Aids,62,39,62.903225806451616,,,,
Mutagenic,Original,13,Plasticizer,17,10,58.82352941176471,,,,
Mutagenic,Original,13,Light_stabilizer,24,15,62.5,,,,
Mutagenic,Original,13,Flame_retardant,7,6,85.71428571428571,,,,
Mutagenic,Original,13,Heat_stabilizer,10,5,50.0,,,,
Mutagenic,Original,13,Catalyst,19,13,68.42105263157895,,,,
Mutagenic,Original,13,Initiator,10,6,60.0,,,,
Mutagenic,Original,13,Solvent,4,3,75.0,,,,
Mutagenic,Original,13,Viscosity_modifier,2,1,50.0,,,,
Mutagenic,Original,13,Unspecified_additive,1,1,100.0,,,,
Mutagenic,Original,13,Blowing_agent,2,2,100.0,,,,
Mutagenic,Original,13,Antistatic_agent,2,1,50.0,,,,
Mutagenic,Original,13,Impact_modifier,1,0,0.0,,,,
Mutagenic,Original,13,Surfactant,1,1,100.0,,,,
Mutagenic,Original,14,Intermediate,34,23,67.64705882352942,,,,
Mutagenic,Original,14,Antioxidant,21,10,47.61904761904761,,,,
Mutagenic,Original,14,Light_stabilizer,22,11,50.0,,,,
Mutagenic,Original,14,Other_Processing_Aids,59,39,66.10169491525424,,,,
Mutagenic,Original,14,Catalyst,23,14,60.86956521739131,,,,
Mutagenic,Original,14,Crosslinking_agent,26,16,61.53846153846154,,,,
Mutagenic,Original,14,Initiator,13,7,53.84615384615385,,,,
Mutagenic,Original,14,Colorant,63,42,66.66666666666666,,,,
Mutagenic,Original,14,Biocide,30,21,70.0,,,,
Mutagenic,Original,14,Viscosity_modifier,3,2,66.66666666666666,,,,
Mutagenic,Original,14,Filler,28,19,67.85714285714286,,,,
Mutagenic,Original,14,Heat_stabilizer,5,2,40.0,,,,
Mutagenic,Original,14,Lubricant,26,19,73.07692307692307,,,,
Mutagenic,Original,14,Odor_Agent,16,14,87.5,,,,
Mutagenic,Original,14,Antistatic_agent,5,4,80.0,,,,
Mutagenic,Original,14,Plasticizer,19,12,63.1578947368421,,,,
Mutagenic,Original,14,Flame_retardant,9,8,88.88888888888889,,,,
Mutagenic,Original,14,Monomer,15,8,53.333333333333336,,,,
Mutagenic,Original,14,Blowing_agent,2,2,100.0,,,,
Mutagenic,Original,14,Solvent,5,4,80.0,,,,
Mutagenic,Original,15,Colorant,69,43,62.31884057971014,,,,
Mutagenic,Original,15,Impact_modifier,1,0,0.0,,,,
Mutagenic,Original,15,Intermediate,32,19,59.375,,,,
Mutagenic,Original,15,Other_Processing_Aids,65,41,63.07692307692307,,,,
Mutagenic,Original,15,Antioxidant,19,14,73.68421052631578,,,,
Mutagenic,Original,15,Filler,37,25,67.56756756756756,,,,
Mutagenic,Original,15,Heat_stabilizer,11,10,90.9090909090909,,,,
Mutagenic,Original,15,Light_stabilizer,23,21,91.30434782608695,,,,
Mutagenic,Original,15,Lubricant,28,19,67.85714285714286,,,,
Mutagenic,Original,15,Crosslinking_agent,26,15,57.692307692307686,,,,
Mutagenic,Original,15,Biocide,20,15,75.0,,,,
Mutagenic,Original,15,Odor_Agent,20,14,70.0,,,,
Mutagenic,Original,15,Monomer,18,10,55.55555555555556,,,,
Mutagenic,Original,15,Plasticizer,19,10,52.63157894736842,,,,
Mutagenic,Original,15,Flame_retardant,3,1,33.33333333333333,,,,
Mutagenic,Original,15,Solvent,2,0,0.0,,,,
Mutagenic,Original,15,Antistatic_agent,6,5,83.33333333333334,,,,
Mutagenic,Original,15,Catalyst,20,13,65.0,,,,
Mutagenic,Original,15,Initiator,15,9,60.0,,,,
Mutagenic,Original,15,Viscosity_modifier,2,1,50.0,,,,
Mutagenic,Original,15,Blowing_agent,1,0,0.0,,,,
Mutagenic,Original,16,Antioxidant,20,15,75.0,,,,
Mutagenic,Original,16,Intermediate,33,19,57.57575757575758,,,,
Mutagenic,Original,16,Other_Processing_Aids,53,30,56.60377358490566,,,,
Mutagenic,Original,16,Colorant,72,49,68.05555555555556,,,,
Mutagenic,Original,16,Plasticizer,13,8,61.53846153846154,,,,
Mutagenic,Original,16,Biocide,21,15,71.42857142857143,,,,
Mutagenic,Original,16,Initiator,10,5,50.0,,,,
Mutagenic,Original,16,Monomer,18,11,61.111111111111114,,,,
Mutagenic,Original,16,Catalyst,17,11,64.70588235294117,,,,
Mutagenic,Original,16,Crosslinking_agent,19,9,47.368421052631575,,,,
Mutagenic,Original,16,Flame_retardant,4,3,75.0,,,,
Mutagenic,Original,16,Filler,26,18,69.23076923076923,,,,
Mutagenic,Original,16,Light_stabilizer,18,12,66.66666666666666,,,,
Mutagenic,Original,16,Lubricant,25,16,64.0,,,,
Mutagenic,Original,16,Odor_Agent,8,6,75.0,,,,
Mutagenic,Original,16,Antistatic_agent,5,3,60.0,,,,
Mutagenic,Original,16,Solvent,1,1,100.0,,,,
Mutagenic,Original,16,Viscosity_modifier,3,2,66.66666666666666,,,,
Mutagenic,Original,16,Heat_stabilizer,5,4,80.0,,,,
Mutagenic,Original,16,Unspecified_additive,1,0,0.0,,,,
Mutagenic,Original,16,NIAS,2,1,50.0,,,,
Mutagenic,Original,16,Impurity,2,1,50.0,,,,
Mutagenic,Original,16,Blowing_agent,1,1,100.0,,,,
Mutagenic,Original,17,Biocide,19,14,73.68421052631578,,,,
Mutagenic,Original,17,Colorant,67,45,67.16417910447761,,,,
Mutagenic,Original,17,Heat_stabilizer,10,5,50.0,,,,
Mutagenic,Original,17,Intermediate,34,20,58.82352941176471,,,,
Mutagenic,Original,17,Other_Processing_Aids,54,34,62.96296296296296,,,,
Mutagenic,Original,17,Plasticizer,15,7,46.666666666666664,,,,
Mutagenic,Original,17,Unspecified_additive,1,1,100.0,,,,
Mutagenic,Original,17,Antistatic_agent,5,3,60.0,,,,
Mutagenic,Original,17,Crosslinking_agent,21,11,52.38095238095239,,,,
Mutagenic,Original,17,Light_stabilizer,28,21,75.0,,,,
Mutagenic,Original,17,Filler,33,23,69.6969696969697,,,,
Mutagenic,Original,17,Lubricant,28,20,71.42857142857143,,,,
Mutagenic,Original,17,Odor_Agent,17,15,88.23529411764706,,,,
Mutagenic,Original,17,Solvent,2,2,100.0,,,,
Mutagenic,Original,17,Monomer,18,14,77.77777777777779,,,,
Mutagenic,Original,17,Catalyst,20,12,60.0,,,,
Mutagenic,Original,17,Initiator,11,7,63.63636363636363,,,,
Mutagenic,Original,17,Antioxidant,18,12,66.66666666666666,,,,
Mutagenic,Original,17,Viscosity_modifier,2,1,50.0,,,,
Mutagenic,Original,17,Flame_retardant,6,3,50.0,,,,
Mutagenic,Original,17,Blowing_agent,1,0,0.0,,,,
Mutagenic,Original,18,Biocide,24,17,70.83333333333334,,,,
Mutagenic,Original,18,Colorant,73,50,68.4931506849315,,,,
Mutagenic,Original,18,Intermediate,42,29,69.04761904761905,,,,
Mutagenic,Original,18,Other_Processing_Aids,62,40,64.51612903225806,,,,
Mutagenic,Original,18,Antioxidant,22,15,68.18181818181817,,,,
Mutagenic,Original,18,Catalyst,16,10,62.5,,,,
Mutagenic,Original,18,Light_stabilizer,17,11,64.70588235294117,,,,
Mutagenic,Original,18,Plasticizer,18,10,55.55555555555556,,,,
Mutagenic,Original,18,Filler,27,21,77.77777777777779,,,,
Mutagenic,Original,18,Monomer,18,11,61.111111111111114,,,,
Mutagenic,Original,18,Solvent,3,3,100.0,,,,
Mutagenic,Original,18,Lubricant,24,16,66.66666666666666,,,,
Mutagenic,Original,18,Odor_Agent,12,6,50.0,,,,
Mutagenic,Original,18,Crosslinking_agent,23,13,56.52173913043478,,,,
Mutagenic,Original,18,NIAS,1,1,100.0,,,,
Mutagenic,Original,18,Impurity,1,1,100.0,,,,
Mutagenic,Original,18,Initiator,10,5,50.0,,,,
Mutagenic,Original,18,Heat_stabilizer,4,3,75.0,,,,
Mutagenic,Original,18,Antistatic_agent,5,3,60.0,,,,
Mutagenic,Original,18,Flame_retardant,8,7,87.5,,,,
Mutagenic,Original,18,Viscosity_modifier,2,1,50.0,,,,
Mutagenic,Original,19,Crosslinking_agent,19,12,63.1578947368421,,,,
Mutagenic,Original,19,Biocide,24,13,54.166666666666664,,,,
Mutagenic,Original,19,Colorant,65,39,60.0,,,,
Mutagenic,Original,19,Filler,33,21,63.63636363636363,,,,
Mutagenic,Original,19,Lubricant,28,19,67.85714285714286,,,,
Mutagenic,Original,19,Odor_Agent,16,11,68.75,,,,
Mutagenic,Original,19,Other_Processing_Aids,50,31,62.0,,,,
Mutagenic,Original,19,Intermediate,35,24,68.57142857142857,,,,
Mutagenic,Original,19,Monomer,13,9,69.23076923076923,,,,
Mutagenic,Original,19,Catalyst,13,10,76.92307692307693,,,,
Mutagenic,Original,19,Light_stabilizer,14,10,71.42857142857143,,,,
Mutagenic,Original,19,Blowing_agent,1,1,100.0,,,,
Mutagenic,Original,19,Antioxidant,16,13,81.25,,,,
Mutagenic,Original,19,Heat_stabilizer,6,4,66.66666666666666,,,,
Mutagenic,Original,19,Plasticizer,12,5,41.66666666666667,,,,
Mutagenic,Original,19,Solvent,1,0,0.0,,,,
Mutagenic,Original,19,Surfactant,1,1,100.0,,,,
Mutagenic,Original,19,Flame_retardant,4,2,50.0,,,,
Mutagenic,Original,19,Initiator,8,6,75.0,,,,
Mutagenic,Original,19,Antistatic_agent,2,1,50.0,,,,
Mutagenic,Original,20,Intermediate,43,27,62.7906976744186,,,,
Mutagenic,Original,20,Biocide,30,21,70.0,,,,
Mutagenic,Original,20,Colorant,75,52,69.33333333333334,,,,
Mutagenic,Original,20,Filler,38,29,76.31578947368422,,,,
Mutagenic,Original,20,Lubricant,35,23,65.71428571428571,,,,
Mutagenic,Original,20,Other_Processing_Aids,69,49,71.01449275362319,,,,
Mutagenic,Original,20,Antioxidant,22,15,68.18181818181817,,,,
Mutagenic,Original,20,Catalyst,22,18,81.81818181818183,,,,
Mutagenic,Original,20,Heat_stabilizer,7,2,28.57142857142857,,,,
Mutagenic,Original,20,Antistatic_agent,6,6,100.0,,,,
Mutagenic,Original,20,Light_stabilizer,22,15,68.18181818181817,,,,
Mutagenic,Original,20,Monomer,18,13,72.22222222222221,,,,
Mutagenic,Original,20,Odor_Agent,17,12,70.58823529411765,,,,
Mutagenic,Original,20,Plasticizer,18,10,55.55555555555556,,,,
Mutagenic,Original,20,NIAS,2,2,100.0,,,,
Mutagenic,Original,20,Impurity,1,1,100.0,,,,
Mutagenic,Original,20,Crosslinking_agent,24,16,66.66666666666666,,,,
Mutagenic,Original,20,Initiator,10,7,70.0,,,,
Mutagenic,Original,20,Solvent,2,2,100.0,,,,
Mutagenic,Original,20,Flame_retardant,2,2,100.0,,,,
Mutagenic,Original,20,Stabilizer,1,0,0.0,,,,
Mutagenic,Original,20,Viscosity_modifier,1,0,0.0,,,,
Mutagenic,Original,20,Blowing_agent,2,2,100.0,,,,
Mutagenic,Original,21,Antioxidant,16,11,68.75,,,,
Mutagenic,Original,21,Colorant,65,45,69.23076923076923,,,,
Mutagenic,Original,21,Crosslinking_agent,20,10,50.0,,,,
Mutagenic,Original,21,Filler,30,18,60.0,,,,
Mutagenic,Original,21,Other_Processing_Aids,59,39,66.10169491525424,,,,
Mutagenic,Original,21,Monomer,15,10,66.66666666666666,,,,
Mutagenic,Original,21,Plasticizer,17,9,52.94117647058824,,,,
Mutagenic,Original,21,Biocide,18,13,72.22222222222221,,,,
Mutagenic,Original,21,Flame_retardant,9,7,77.77777777777779,,,,
Mutagenic,Original,21,Intermediate,40,26,65.0,,,,
Mutagenic,Original,21,Lubricant,31,20,64.51612903225806,,,,
Mutagenic,Original,21,Antistatic_agent,6,3,50.0,,,,
Mutagenic,Original,21,Light_stabilizer,18,14,77.77777777777779,,,,
Mutagenic,Original,21,Odor_Agent,20,14,70.0,,,,
Mutagenic,Original,21,Blowing_agent,3,1,33.33333333333333,,,,
Mutagenic,Original,21,Catalyst,19,11,57.89473684210527,,,,
Mutagenic,Original,21,Initiator,8,5,62.5,,,,
Mutagenic,Original,21,Heat_stabilizer,4,3,75.0,,,,
Mutagenic,Original,21,NIAS,2,2,100.0,,,,
Mutagenic,Original,21,Impurity,1,1,100.0,,,,
Mutagenic,Original,21,Surfactant,1,1,100.0,,,,
Mutagenic,Original,21,Solvent,3,3,100.0,,,,
Mutagenic,Original,21,Stabilizer,1,0,0.0,,,,
Mutagenic,Original,22,Colorant,60,47,78.33333333333333,,,,
Mutagenic,Original,22,Crosslinking_agent,13,8,61.53846153846154,,,,
Mutagenic,Original,22,Light_stabilizer,17,11,64.70588235294117,,,,
Mutagenic,Original,22,Monomer,11,7,63.63636363636363,,,,
Mutagenic,Original,22,Other_Processing_Aids,66,44,66.66666666666666,,,,
Mutagenic,Original,22,Biocide,23,20,86.95652173913044,,,,
Mutagenic,Original,22,Intermediate,42,28,66.66666666666666,,,,
Mutagenic,Original,22,Odor_Agent,14,10,71.42857142857143,,,,
Mutagenic,Original,22,Plasticizer,18,12,66.66666666666666,,,,
Mutagenic,Original,22,Filler,39,30,76.92307692307693,,,,
Mutagenic,Original,22,Flame_retardant,9,6,66.66666666666666,,,,
Mutagenic,Original,22,Viscosity_modifier,3,2,66.66666666666666,,,,
Mutagenic,Original,22,Solvent,3,1,33.33333333333333,,,,
Mutagenic,Original,22,Lubricant,30,23,76.66666666666667,,,,
Mutagenic,Original,22,Antioxidant,13,9,69.23076923076923,,,,
Mutagenic,Original,22,Initiator,6,3,50.0,,,,
Mutagenic,Original,22,Catalyst,12,8,66.66666666666666,,,,
Mutagenic,Original,22,Heat_stabilizer,5,3,60.0,,,,
Mutagenic,Original,22,NIAS,1,1,100.0,,,,
Mutagenic,Original,22,Impurity,1,1,100.0,,,,
Mutagenic,Original,22,Antistatic_agent,2,2,100.0,,,,
Mutagenic,Original,22,Blowing_agent,2,2,100.0,,,,
Mutagenic,Original,22,Unspecified_additive,1,0,0.0,,,,
Mutagenic,Original,23,Catalyst,20,16,80.0,,,,
Mutagenic,Original,23,Colorant,62,46,74.19354838709677,,,,
Mutagenic,Original,23,Crosslinking_agent,26,19,73.07692307692307,,,,
Mutagenic,Original,23,Initiator,12,10,83.33333333333334,,,,
Mutagenic,Original,23,Intermediate,37,26,70.27027027027027,,,,
Mutagenic,Original,23,Odor_Agent,18,12,66.66666666666666,,,,
Mutagenic,Original,23,Other_Processing_Aids,70,47,67.14285714285714,,,,
Mutagenic,Original,23,Filler,37,25,67.56756756756756,,,,
Mutagenic,Original,23,Heat_stabilizer,8,5,62.5,,,,
Mutagenic,Original,23,Lubricant,29,20,68.96551724137932,,,,
Mutagenic,Original,23,Monomer,18,14,77.77777777777779,,,,
Mutagenic,Original,23,Plasticizer,21,12,57.14285714285714,,,,
Mutagenic,Original,23,Light_stabilizer,20,16,80.0,,,,
Mutagenic,Original,23,Biocide,23,17,73.91304347826086,,,,
Mutagenic,Original,23,Antistatic_agent,3,1,33.33333333333333,,,,
Mutagenic,Original,23,Antioxidant,15,10,66.66666666666666,,,,
Mutagenic,Original,23,Flame_retardant,6,4,66.66666666666666,,,,
Mutagenic,Original,23,Unspecified_additive,1,0,0.0,,,,
Mutagenic,Original,23,Blowing_agent,2,2,100.0,,,,
Mutagenic,Original,23,Viscosity_modifier,2,1,50.0,,,,
Mutagenic,Original,23,Impact_modifier,1,0,0.0,,,,
Mutagenic,Original,23,NIAS,1,1,100.0,,,,
Mutagenic,Original,23,Impurity,1,1,100.0,,,,
Mutagenic,Original,23,Solvent,1,0,0.0,,,,
Mutagenic,Original,24,Antioxidant,21,13,61.904761904761905,,,,
Mutagenic,Original,24,Heat_stabilizer,7,3,42.857142857142854,,,,
Mutagenic,Original,24,Light_stabilizer,16,11,68.75,,,,
Mutagenic,Original,24,Other_Processing_Aids,56,34,60.71428571428571,,,,
Mutagenic,Original,24,Intermediate,45,26,57.77777777777777,,,,
Mutagenic,Original,24,Monomer,13,11,84.61538461538461,,,,
Mutagenic,Original,24,Colorant,68,44,64.70588235294117,,,,
Mutagenic,Original,24,Flame_retardant,4,3,75.0,,,,
Mutagenic,Original,24,Lubricant,37,25,67.56756756756756,,,,
Mutagenic,Original,24,Biocide,26,19,73.07692307692307,,,,
Mutagenic,Original,24,Plasticizer,20,10,50.0,,,,
Mutagenic,Original,24,Odor_Agent,21,15,71.42857142857143,,,,
Mutagenic,Original,24,Filler,31,22,70.96774193548387,,,,
Mutagenic,Original,24,Catalyst,11,7,63.63636363636363,,,,
Mutagenic,Original,24,Crosslinking_agent,17,9,52.94117647058824,,,,
Mutagenic,Original,24,Blowing_agent,2,2,100.0,,,,
Mutagenic,Original,24,Antistatic_agent,4,2,50.0,,,,
Mutagenic,Original,24,Solvent,3,1,33.33333333333333,,,,
Mutagenic,Original,24,Initiator,3,1,33.33333333333333,,,,
Mutagenic,Original,24,NIAS,1,1,100.0,,,,
Mutagenic,Original,24,Impurity,1,1,100.0,,,,
Mutagenic,Original,25,Light_stabilizer,14,10,71.42857142857143,,,,
Mutagenic,Original,25,Flame_retardant,4,1,25.0,,,,
Mutagenic,Original,25,Colorant,62,40,64.51612903225806,,,,
Mutagenic,Original,25,Other_Processing_Aids,59,33,55.932203389830505,,,,
Mutagenic,Original,25,Crosslinking_agent,16,9,56.25,,,,
Mutagenic,Original,25,Odor_Agent,16,11,68.75,,,,
Mutagenic,Original,25,Filler,31,20,64.51612903225806,,,,
Mutagenic,Original,25,Lubricant,32,20,62.5,,,,
Mutagenic,Original,25,Catalyst,19,13,68.42105263157895,,,,
Mutagenic,Original,25,Biocide,22,19,86.36363636363636,,,,
Mutagenic,Original,25,Intermediate,45,29,64.44444444444444,,,,
Mutagenic,Original,25,Initiator,10,7,70.0,,,,
Mutagenic,Original,25,Plasticizer,13,7,53.84615384615385,,,,
Mutagenic,Original,25,Antioxidant,12,11,91.66666666666666,,,,
Mutagenic,Original,25,Monomer,10,7,70.0,,,,
Mutagenic,Original,25,Antistatic_agent,3,3,100.0,,,,
Mutagenic,Original,25,Blowing_agent,1,1,100.0,,,,
Mutagenic,Original,25,Viscosity_modifier,1,1,100.0,,,,
Mutagenic,Original,25,Surfactant,1,1,100.0,,,,
Mutagenic,Original,25,Heat_stabilizer,4,3,75.0,,,,
Mutagenic,Original,25,Solvent,2,2,100.0,,,,
Mutagenic,Original,25,NIAS,1,1,100.0,,,,
Mutagenic,Original,25,Impurity,1,1,100.0,,,,
Mutagenic,Original,25,Unspecified_additive,1,1,100.0,,,,
Mutagenic,Original,26,Biocide,29,18,62.06896551724138,,,,
Mutagenic,Original,26,Other_Processing_Aids,64,38,59.375,,,,
Mutagenic,Original,26,Colorant,61,38,62.295081967213115,,,,
Mutagenic,Original,26,Filler,27,18,66.66666666666666,,,,
Mutagenic,Original,26,Intermediate,37,21,56.75675675675676,,,,
Mutagenic,Original,26,Light_stabilizer,16,10,62.5,,,,
Mutagenic,Original,26,Lubricant,25,17,68.0,,,,
Mutagenic,Original,26,Odor_Agent,15,9,60.0,,,,
Mutagenic,Original,26,Plasticizer,22,17,77.27272727272727,,,,
Mutagenic,Original,26,Monomer,15,11,73.33333333333333,,,,
Mutagenic,Original,26,Catalyst,19,14,73.68421052631578,,,,
Mutagenic,Original,26,Crosslinking_agent,22,11,50.0,,,,
Mutagenic,Original,26,Initiator,13,10,76.92307692307693,,,,
Mutagenic,Original,26,Flame_retardant,6,3,50.0,,,,
Mutagenic,Original,26,Antioxidant,17,11,64.70588235294117,,,,
Mutagenic,Original,26,Blowing_agent,2,2,100.0,,,,
Mutagenic,Original,26,Heat_stabilizer,5,2,40.0,,,,
Mutagenic,Original,26,Viscosity_modifier,1,1,100.0,,,,
Mutagenic,Original,26,Solvent,2,2,100.0,,,,
Mutagenic,Original,26,Antistatic_agent,1,0,0.0,,,,
Mutagenic,Original,27,Surfactant,1,1,100.0,,,,
Mutagenic,Original,27,Colorant,54,33,61.111111111111114,,,,
Mutagenic,Original,27,Lubricant,22,15,68.18181818181817,,,,
Mutagenic,Original,27,Other_Processing_Aids,55,36,65.45454545454545,,,,
Mutagenic,Original,27,Antioxidant,12,8,66.66666666666666,,,,
Mutagenic,Original,27,Heat_stabilizer,4,3,75.0,,,,
Mutagenic,Original,27,Catalyst,17,11,64.70588235294117,,,,
Mutagenic,Original,27,Crosslinking_agent,17,11,64.70588235294117,,,,
Mutagenic,Original,27,Initiator,9,6,66.66666666666666,,,,
Mutagenic,Original,27,Intermediate,21,15,71.42857142857143,,,,
Mutagenic,Original,27,Light_stabilizer,13,6,46.15384615384615,,,,
Mutagenic,Original,27,Filler,24,14,58.333333333333336,,,,
Mutagenic,Original,27,Monomer,16,13,81.25,,,,
Mutagenic,Original,27,Biocide,24,17,70.83333333333334,,,,
Mutagenic,Original,27,Plasticizer,12,7,58.333333333333336,,,,
Mutagenic,Original,27,Flame_retardant,6,3,50.0,,,,
Mutagenic,Original,27,NIAS,1,1,100.0,,,,
Mutagenic,Original,27,Impurity,1,1,100.0,,,,
Mutagenic,Original,27,Odor_Agent,7,5,71.42857142857143,,,,
Mutagenic,Original,27,Viscosity_modifier,2,1,50.0,,,,
Mutagenic,Original,27,Solvent,1,1,100.0,,,,
Mutagenic,Original,27,Blowing_agent,2,1,50.0,,,,
Mutagenic,Original,27,Antistatic_agent,2,1,50.0,,,,
Mutagenic,Original,28,Monomer,10,8,80.0,,,,
Mutagenic,Original,28,Colorant,61,38,62.295081967213115,,,,
Mutagenic,Original,28,Filler,35,23,65.71428571428571,,,,
Mutagenic,Original,28,Intermediate,42,26,61.904761904761905,,,,
Mutagenic,Original,28,Lubricant,27,18,66.66666666666666,,,,
Mutagenic,Original,28,Other_Processing_Aids,62,32,51.61290322580645,,,,
Mutagenic,Original,28,Plasticizer,16,11,68.75,,,,
Mutagenic,Original,28,Flame_retardant,9,7,77.77777777777779,,,,
Mutagenic,Original,28,Crosslinking_agent,29,15,51.724137931034484,,,,
Mutagenic,Original,28,Biocide,18,15,83.33333333333334,,,,
Mutagenic,Original,28,Surfactant,1,1,100.0,,,,
Mutagenic,Original,28,Odor_Agent,19,13,68.42105263157895,,,,
Mutagenic,Original,28,Antistatic_agent,3,0,0.0,,,,
Mutagenic,Original,28,Antioxidant,12,7,58.333333333333336,,,,
Mutagenic,Original,28,Light_stabilizer,14,9,64.28571428571429,,,,
Mutagenic,Original,28,Solvent,4,2,50.0,,,,
Mutagenic,Original,28,Catalyst,14,8,57.14285714285714,,,,
Mutagenic,Original,28,Initiator,9,4,44.44444444444444,,,,
Mutagenic,Original,28,Blowing_agent,1,1,100.0,,,,
Mutagenic,Original,28,Heat_stabilizer,6,4,66.66666666666666,,,,
Mutagenic,Original,28,Viscosity_modifier,1,1,100.0,,,,
Mutagenic,Original,28,NIAS,1,1,100.0,,,,
Mutagenic,Original,29,Colorant,71,52,73.23943661971832,,,,
Mutagenic,Original,29,Filler,29,21,72.41379310344827,,,,
Mutagenic,Original,29,Other_Processing_Aids,59,39,66.10169491525424,,,,
Mutagenic,Original,29,Light_stabilizer,17,12,70.58823529411765,,,,
Mutagenic,Original,29,Intermediate,34,25,73.52941176470588,,,,
Mutagenic,Original,29,Odor_Agent,21,17,80.95238095238095,,,,
Mutagenic,Original,29,Biocide,18,15,83.33333333333334,,,,
Mutagenic,Original,29,Catalyst,19,13,68.42105263157895,,,,
Mutagenic,Original,29,Crosslinking_agent,16,10,62.5,,,,
Mutagenic,Original,29,Initiator,7,3,42.857142857142854,,,,
Mutagenic,Original,29,Antioxidant,13,9,69.23076923076923,,,,
Mutagenic,Original,29,Lubricant,30,19,63.33333333333333,,,,
Mutagenic,Original,29,Stabilizer,1,1,100.0,,,,
Mutagenic,Original,29,Plasticizer,15,10,66.66666666666666,,,,
Mutagenic,Original,29,Monomer,14,10,71.42857142857143,,,,
Mutagenic,Original,29,Flame_retardant,2,1,50.0,,,,
Mutagenic,Original,29,Heat_stabilizer,8,6,75.0,,,,
Mutagenic,Original,29,Antistatic_agent,3,3,100.0,,,,
Mutagenic,Original,29,Viscosity_modifier,2,1,50.0,,,,
Mutagenic,Original,29,Blowing_agent,2,1,50.0,,,,
Mutagenic,Original,29,NIAS,1,1,100.0,,,,
Mutagenic,Original,29,Impurity,1,1,100.0,,,,
Mutagenic,Original,29,Solvent,3,3,100.0,,,,
Mutagenic,Original,30,Colorant,70,43,61.42857142857143,,,,
Mutagenic,Original,30,Heat_stabilizer,6,3,50.0,,,,
Mutagenic,Original,30,Light_stabilizer,14,7,50.0,,,,
Mutagenic,Original,30,Filler,29,14,48.275862068965516,,,,
Mutagenic,Original,30,Other_Processing_Aids,61,28,45.90163934426229,,,,
Mutagenic,Original,30,Flame_retardant,9,1,11.11111111111111,,,,
Mutagenic,Original,30,Lubricant,26,10,38.46153846153847,,,,
Mutagenic,Original,30,Monomer,18,11,61.111111111111114,,,,
Mutagenic,Original,30,Antioxidant,10,2,20.0,,,,
Mutagenic,Original,30,Biocide,24,11,45.83333333333333,,,,
Mutagenic,Original,30,Plasticizer,15,6,40.0,,,,
Mutagenic,Original,30,Viscosity_modifier,3,1,33.33333333333333,,,,
Mutagenic,Original,30,Intermediate,38,14,36.84210526315789,,,,
Mutagenic,Original,30,Odor_Agent,17,6,35.294117647058826,,,,
Mutagenic,Original,30,Catalyst,16,10,62.5,,,,
Mutagenic,Original,30,Solvent,5,3,60.0,,,,
Mutagenic,Original,30,Crosslinking_agent,21,12,57.14285714285714,,,,
Mutagenic,Original,30,Surfactant,1,1,100.0,,,,
Mutagenic,Original,30,Antistatic_agent,3,2,66.66666666666666,,,,
Mutagenic,Original,30,Initiator,7,5,71.42857142857143,,,,
Mutagenic,Original,30,Blowing_agent,2,1,50.0,,,,
Mutagenic,Original,30,Unspecified_additive,1,1,100.0,,,,
Mutagenic,Original,30,NIAS,1,1,100.0,,,,
Mutagenic,Original,31,Catalyst,20,10,50.0,,,,
Mutagenic,Original,31,Colorant,62,42,67.74193548387096,,,,
Mutagenic,Original,31,Intermediate,34,19,55.88235294117647,,,,
Mutagenic,Original,31,Lubricant,26,20,76.92307692307693,,,,
Mutagenic,Original,31,Other_Processing_Aids,61,37,60.65573770491803,,,,
Mutagenic,Original,31,Antioxidant,17,11,64.70588235294117,,,,
Mutagenic,Original,31,Light_stabilizer,25,18,72.0,,,,
Mutagenic,Original,31,Crosslinking_agent,21,14,66.66666666666666,,,,
Mutagenic,Original,31,Initiator,11,6,54.54545454545454,,,,
Mutagenic,Original,31,Monomer,21,13,61.904761904761905,,,,
Mutagenic,Original,31,Biocide,21,14,66.66666666666666,,,,
Mutagenic,Original,31,Filler,28,21,75.0,,,,
Mutagenic,Original,31,Odor_Agent,8,6,75.0,,,,
Mutagenic,Original,31,Plasticizer,18,10,55.55555555555556,,,,
Mutagenic,Original,31,Solvent,3,2,66.66666666666666,,,,
Mutagenic,Original,31,Flame_retardant,8,3,37.5,,,,
Mutagenic,Original,31,Heat_stabilizer,7,5,71.42857142857143,,,,
Mutagenic,Original,31,Viscosity_modifier,1,1,100.0,,,,
Mutagenic,Original,31,Blowing_agent,1,1,100.0,,,,
Mutagenic,Original,31,Impact_modifier,1,1,100.0,,,,
Mutagenic,Original,31,Antistatic_agent,2,1,50.0,,,,
Mutagenic,Original,31,NIAS,1,1,100.0,,,,
Mutagenic,Original,31,Impurity,1,1,100.0,,,,
Mutagenic,Original,32,Colorant,71,45,63.38028169014085,,,,
Mutagenic,Original,32,Antioxidant,18,11,61.111111111111114,,,,
Mutagenic,Original,32,Filler,35,21,60.0,,,,
Mutagenic,Original,32,Heat_stabilizer,6,3,50.0,,,,
Mutagenic,Original,32,Light_stabilizer,18,13,72.22222222222221,,,,
Mutagenic,Original,32,Lubricant,33,21,63.63636363636363,,,,
Mutagenic,Original,32,Other_Processing_Aids,67,40,59.70149253731343,,,,
Mutagenic,Original,32,Catalyst,22,13,59.09090909090909,,,,
Mutagenic,Original,32,Crosslinking_agent,27,15,55.55555555555556,,,,
Mutagenic,Original,32,Initiator,10,7,70.0,,,,
Mutagenic,Original,32,Plasticizer,21,10,47.61904761904761,,,,
Mutagenic,Original,32,Viscosity_modifier,5,3,60.0,,,,
Mutagenic,Original,32,Intermediate,41,23,56.09756097560976,,,,
Mutagenic,Original,32,Monomer,13,8,61.53846153846154,,,,
Mutagenic,Original,32,Flame_retardant,7,5,71.42857142857143,,,,
Mutagenic,Original,32,Biocide,23,12,52.17391304347826,,,,
Mutagenic,Original,32,Odor_Agent,21,14,66.66666666666666,,,,
Mutagenic,Original,32,Solvent,3,2,66.66666666666666,,,,
Mutagenic,Original,32,Unspecified_additive,1,1,100.0,,,,
Mutagenic,Original,32,Antistatic_agent,1,0,0.0,,,,
Mutagenic,Original,32,NIAS,1,1,100.0,,,,
Mutagenic,Original,32,Impurity,1,1,100.0,,,,
Mutagenic,Original,33,Colorant,72,49,68.05555555555556,,,,
Mutagenic,Original,33,Filler,30,19,63.33333333333333,,,,
Mutagenic,Original,33,Intermediate,35,22,62.857142857142854,,,,
Mutagenic,Original,33,Other_Processing_Aids,56,34,60.71428571428571,,,,
Mutagenic,Original,33,Plasticizer,21,8,38.095238095238095,,,,
Mutagenic,Original,33,Antioxidant,16,5,31.25,,,,
Mutagenic,Original,33,Catalyst,15,9,60.0,,,,
Mutagenic,Original,33,Heat_stabilizer,5,2,40.0,,,,
Mutagenic,Original,33,Lubricant,32,16,50.0,,,,
Mutagenic,Original,33,Biocide,15,9,60.0,,,,
Mutagenic,Original,33,Monomer,16,10,62.5,,,,
Mutagenic,Original,33,Light_stabilizer,17,9,52.94117647058824,,,,
Mutagenic,Original,33,Antistatic_agent,4,2,50.0,,,,
Mutagenic,Original,33,Crosslinking_agent,21,10,47.61904761904761,,,,
Mutagenic,Original,33,Flame_retardant,6,5,83.33333333333334,,,,
Mutagenic,Original,33,Initiator,6,4,66.66666666666666,,,,
Mutagenic,Original,33,Odor_Agent,11,7,63.63636363636363,,,,
Mutagenic,Original,33,NIAS,2,2,100.0,,,,
Mutagenic,Original,33,Impurity,2,2,100.0,,,,
Mutagenic,Original,33,Viscosity_modifier,3,1,33.33333333333333,,,,
Mutagenic,Original,33,Solvent,1,0,0.0,,,,
Mutagenic,Original,33,Impact_modifier,1,1,100.0,,,,
Mutagenic,Original,34,Colorant,70,43,61.42857142857143,,,,
Mutagenic,Original,34,Other_Processing_Aids,57,30,52.63157894736842,,,,
Mutagenic,Original,34,Antioxidant,23,12,52.17391304347826,,,,
Mutagenic,Original,34,Light_stabilizer,24,15,62.5,,,,
Mutagenic,Original,34,Catalyst,19,9,47.368421052631575,,,,
Mutagenic,Original,34,Crosslinking_agent,22,11,50.0,,,,
Mutagenic,Original,34,Filler,36,18,50.0,,,,
Mutagenic,Original,34,Initiator,8,5,62.5,,,,
Mutagenic,Original,34,Odor_Agent,12,8,66.66666666666666,,,,
Mutagenic,Original,34,Lubricant,29,15,51.724137931034484,,,,
Mutagenic,Original,34,Monomer,16,12,75.0,,,,
Mutagenic,Original,34,Intermediate,34,17,50.0,,,,
Mutagenic,Original,34,Plasticizer,20,10,50.0,,,,
Mutagenic,Original,34,Antistatic_agent,7,4,57.14285714285714,,,,
Mutagenic,Original,34,Heat_stabilizer,10,5,50.0,,,,
Mutagenic,Original,34,Biocide,15,7,46.666666666666664,,,,
Mutagenic,Original,34,Blowing_agent,3,1,33.33333333333333,,,,
Mutagenic,Original,34,Flame_retardant,5,4,80.0,,,,
Mutagenic,Original,34,NIAS,2,2,100.0,,,,
Mutagenic,Original,34,Impurity,1,1,100.0,,,,
Mutagenic,Original,34,Viscosity_modifier,2,2,100.0,,,,
Mutagenic,Original,34,Solvent,2,1,50.0,,,,
Mutagenic,Original,35,Biocide,19,13,68.42105263157895,,,,
Mutagenic,Original,35,Catalyst,19,14,73.68421052631578,,,,
Mutagenic,Original,35,Colorant,69,47,68.11594202898551,,,,
Mutagenic,Original,35,Filler,31,21,67.74193548387096,,,,
Mutagenic,Original,35,Intermediate,35,21,60.0,,,,
Mutagenic,Original,35,Lubricant,22,14,63.63636363636363,,,,
Mutagenic,Original,35,Other_Processing_Aids,50,29,57.99999999999999,,,,
Mutagenic,Original,35,Antioxidant,17,11,64.70588235294117,,,,
Mutagenic,Original,35,Antistatic_agent,4,3,75.0,,,,
Mutagenic,Original,35,Crosslinking_agent,23,16,69.56521739130434,,,,
Mutagenic,Original,35,Light_stabilizer,20,12,60.0,,,,
Mutagenic,Original,35,Monomer,13,10,76.92307692307693,,,,
Mutagenic,Original,35,Flame_retardant,13,9,69.23076923076923,,,,
Mutagenic,Original,35,Odor_Agent,9,6,66.66666666666666,,,,
Mutagenic,Original,35,Plasticizer,11,6,54.54545454545454,,,,
Mutagenic,Original,35,Heat_stabilizer,8,5,62.5,,,,
Mutagenic,Original,35,Unspecified_additive,2,1,50.0,,,,
Mutagenic,Original,35,Initiator,10,8,80.0,,,,
Mutagenic,Original,35,Viscosity_modifier,2,1,50.0,,,,
Mutagenic,Original,35,NIAS,1,1,100.0,,,,
Mutagenic,Original,35,Impurity,1,1,100.0,,,,
Mutagenic,Original,35,Solvent,2,1,50.0,,,,
Mutagenic,Original,35,Blowing_agent,1,0,0.0,,,,
Mutagenic,Original,36,Catalyst,15,9,60.0,,,,
Mutagenic,Original,36,Colorant,70,47,67.14285714285714,,,,
Mutagenic,Original,36,Crosslinking_agent,20,13,65.0,,,,
Mutagenic,Original,36,Filler,38,26,68.42105263157895,,,,
Mutagenic,Original,36,Initiator,10,4,40.0,,,,
Mutagenic,Original,36,Other_Processing_Aids,61,38,62.295081967213115,,,,
Mutagenic,Original,36,Biocide,23,13,56.52173913043478,,,,
Mutagenic,Original,36,Intermediate,40,25,62.5,,,,
Mutagenic,Original,36,Lubricant,30,19,63.33333333333333,,,,
Mutagenic,Original,36,Odor_Agent,14,10,71.42857142857143,,,,
Mutagenic,Original,36,Light_stabilizer,16,10,62.5,,,,
Mutagenic,Original,36,Plasticizer,20,12,60.0,,,,
Mutagenic,Original,36,Antioxidant,15,6,40.0,,,,
Mutagenic,Original,36,Stabilizer,1,1,100.0,,,,
Mutagenic,Original,36,Monomer,14,8,57.14285714285714,,,,
Mutagenic,Original,36,NIAS,1,1,100.0,,,,
Mutagenic,Original,36,Viscosity_modifier,2,1,50.0,,,,
Mutagenic,Original,36,Blowing_agent,3,1,33.33333333333333,,,,
Mutagenic,Original,36,Solvent,4,4,100.0,,,,
Mutagenic,Original,36,Heat_stabilizer,5,2,40.0,,,,
Mutagenic,Original,36,Antistatic_agent,1,1,100.0,,,,
Mutagenic,Original,36,Flame_retardant,8,4,50.0,,,,
Mutagenic,Original,36,Surfactant,1,1,100.0,,,,
Mutagenic,Original,37,Crosslinking_agent,16,6,37.5,,,,
Mutagenic,Original,37,Filler,34,22,64.70588235294117,,,,
Mutagenic,Original,37,Intermediate,41,24,58.536585365853654,,,,
Mutagenic,Original,37,Other_Processing_Aids,53,26,49.056603773584904,,,,
Mutagenic,Original,37,Colorant,65,42,64.61538461538461,,,,
Mutagenic,Original,37,Biocide,22,15,68.18181818181817,,,,
Mutagenic,Original,37,Lubricant,28,16,57.14285714285714,,,,
Mutagenic,Original,37,Monomer,11,8,72.72727272727273,,,,
Mutagenic,Original,37,Odor_Agent,20,16,80.0,,,,
Mutagenic,Original,37,Plasticizer,23,11,47.82608695652174,,,,
Mutagenic,Original,37,Catalyst,16,9,56.25,,,,
Mutagenic,Original,37,Antistatic_agent,4,2,50.0,,,,
Mutagenic,Original,37,Antioxidant,17,8,47.05882352941176,,,,
Mutagenic,Original,37,Light_stabilizer,20,10,50.0,,,,
Mutagenic,Original,37,Initiator,4,1,25.0,,,,
Mutagenic,Original,37,Flame_retardant,8,4,50.0,,,,
Mutagenic,Original,37,Solvent,1,0,0.0,,,,
Mutagenic,Original,37,Heat_stabilizer,8,6,75.0,,,,
Mutagenic,Original,37,Blowing_agent,6,2,33.33333333333333,,,,
Mutagenic,Original,37,Viscosity_modifier,3,1,33.33333333333333,,,,
Mutagenic,Original,37,Surfactant,1,1,100.0,,,,
Mutagenic,Original,37,Unspecified_additive,2,1,50.0,,,,
Mutagenic,Original,37,NIAS,1,1,100.0,,,,
Mutagenic,Original,37,Impurity,1,1,100.0,,,,
Mutagenic,Original,38,Antioxidant,16,10,62.5,,,,
Mutagenic,Original,38,Heat_stabilizer,9,6,66.66666666666666,,,,
Mutagenic,Original,38,Light_stabilizer,22,14,63.63636363636363,,,,
Mutagenic,Original,38,Biocide,29,19,65.51724137931035,,,,
Mutagenic,Original,38,Lubricant,37,22,59.45945945945946,,,,
Mutagenic,Original,38,Catalyst,16,8,50.0,,,,
Mutagenic,Original,38,Crosslinking_agent,20,8,40.0,,,,
Mutagenic,Original,38,Initiator,8,3,37.5,,,,
Mutagenic,Original,38,Colorant,70,42,60.0,,,,
Mutagenic,Original,38,Filler,36,22,61.111111111111114,,,,
Mutagenic,Original,38,Intermediate,41,22,53.65853658536586,,,,
Mutagenic,Original,38,Odor_Agent,17,13,76.47058823529412,,,,
Mutagenic,Original,38,Other_Processing_Aids,62,35,56.451612903225815,,,,
Mutagenic,Original,38,Plasticizer,19,10,52.63157894736842,,,,
Mutagenic,Original,38,Monomer,13,7,53.84615384615385,,,,
Mutagenic,Original,38,Antistatic_agent,3,1,33.33333333333333,,,,
Mutagenic,Original,38,Stabilizer,1,0,0.0,,,,
Mutagenic,Original,38,Flame_retardant,5,3,60.0,,,,
Mutagenic,Original,38,Viscosity_modifier,1,1,100.0,,,,
Mutagenic,Original,38,Unspecified_additive,1,0,0.0,,,,
Mutagenic,Original,38,Solvent,1,0,0.0,,,,
Mutagenic,Original,38,Blowing_agent,4,2,50.0,,,,
Mutagenic,Original,39,Biocide,20,9,45.0,,,,
Mutagenic,Original,39,Colorant,72,45,62.5,,,,
Mutagenic,Original,39,Crosslinking_agent,27,14,51.85185185185185,,,,
Mutagenic,Original,39,Filler,38,23,60.526315789473685,,,,
Mutagenic,Original,39,Intermediate,38,21,55.26315789473685,,,,
Mutagenic,Original,39,Lubricant,37,22,59.45945945945946,,,,
Mutagenic,Original,39,Monomer,18,13,72.22222222222221,,,,
Mutagenic,Original,39,Odor_Agent,23,13,56.52173913043478,,,,
Mutagenic,Original,39,Other_Processing_Aids,63,40,63.49206349206349,,,,
Mutagenic,Original,39,Light_stabilizer,20,12,60.0,,,,
Mutagenic,Original,39,Antioxidant,12,7,58.333333333333336,,,,
Mutagenic,Original,39,Flame_retardant,8,5,62.5,,,,
Mutagenic,Original,39,Heat_stabilizer,8,4,50.0,,,,
Mutagenic,Original,39,Catalyst,18,10,55.55555555555556,,,,
Mutagenic,Original,39,Plasticizer,24,16,66.66666666666666,,,,
Mutagenic,Original,39,Solvent,5,3,60.0,,,,
Mutagenic,Original,39,Surfactant,1,1,100.0,,,,
Mutagenic,Original,39,Antistatic_agent,5,3,60.0,,,,
Mutagenic,Original,39,Blowing_agent,1,1,100.0,,,,
Mutagenic,Original,39,Initiator,10,6,60.0,,,,
Mutagenic,Original,39,Viscosity_modifier,5,3,60.0,,,,
Mutagenic,Original,40,Biocide,27,18,66.66666666666666,,,,
Mutagenic,Original,40,Catalyst,23,17,73.91304347826086,,,,
Mutagenic,Original,40,Colorant,70,49,70.0,,,,
Mutagenic,Original,40,Filler,33,22,66.66666666666666,,,,
Mutagenic,Original,40,Intermediate,37,26,70.27027027027027,,,,
Mutagenic,Original,40,Lubricant,28,19,67.85714285714286,,,,
Mutagenic,Original,40,Monomer,16,9,56.25,,,,
Mutagenic,Original,40,Odor_Agent,14,10,71.42857142857143,,,,
Mutagenic,Original,40,Other_Processing_Aids,57,39,68.42105263157895,,,,
Mutagenic,Original,40,Plasticizer,12,7,58.333333333333336,,,,
Mutagenic,Original,40,Solvent,3,2,66.66666666666666,,,,
Mutagenic,Original,40,Crosslinking_agent,25,18,72.0,,,,
Mutagenic,Original,40,Initiator,13,8,61.53846153846154,,,,
Mutagenic,Original,40,Antioxidant,15,11,73.33333333333333,,,,
Mutagenic,Original,40,Light_stabilizer,29,21,72.41379310344827,,,,
Mutagenic,Original,40,Heat_stabilizer,6,4,66.66666666666666,,,,
Mutagenic,Original,40,Flame_retardant,5,4,80.0,,,,
Mutagenic,Original,40,Viscosity_modifier,2,2,100.0,,,,
Mutagenic,Original,40,Surfactant,1,1,100.0,,,,
Mutagenic,Original,40,NIAS,1,1,100.0,,,,
Mutagenic,Original,40,Blowing_agent,1,1,100.0,,,,
Mutagenic,Original,41,Colorant,65,45,69.23076923076923,,,,
Mutagenic,Original,41,Other_Processing_Aids,59,38,64.40677966101694,,,,
Mutagenic,Original,41,Filler,34,22,64.70588235294117,,,,
Mutagenic,Original,41,Lubricant,24,15,62.5,,,,
Mutagenic,Original,41,Biocide,21,15,71.42857142857143,,,,
Mutagenic,Original,41,Intermediate,36,26,72.22222222222221,,,,
Mutagenic,Original,41,Odor_Agent,15,13,86.66666666666667,,,,
Mutagenic,Original,41,Plasticizer,22,14,63.63636363636363,,,,
Mutagenic,Original,41,Crosslinking_agent,31,20,64.51612903225806,,,,
Mutagenic,Original,41,Catalyst,20,15,75.0,,,,
Mutagenic,Original,41,Initiator,14,12,85.71428571428571,,,,
Mutagenic,Original,41,Light_stabilizer,17,12,70.58823529411765,,,,
Mutagenic,Original,41,Monomer,7,5,71.42857142857143,,,,
Mutagenic,Original,41,Antistatic_agent,7,3,42.857142857142854,,,,
Mutagenic,Original,41,Antioxidant,15,9,60.0,,,,
Mutagenic,Original,41,Heat_stabilizer,4,3,75.0,,,,
Mutagenic,Original,41,Solvent,4,3,75.0,,,,
Mutagenic,Original,41,Viscosity_modifier,3,2,66.66666666666666,,,,
Mutagenic,Original,41,Flame_retardant,6,4,66.66666666666666,,,,
Mutagenic,Original,41,Blowing_agent,4,2,50.0,,,,
Mutagenic,Original,41,NIAS,1,1,100.0,,,,
Mutagenic,Original,41,Impurity,1,1,100.0,,,,
Mutagenic,Original,42,Catalyst,19,10,52.63157894736842,,,,
Mutagenic,Original,42,Heat_stabilizer,5,1,20.0,,,,
Mutagenic,Original,42,Light_stabilizer,17,7,41.17647058823529,,,,
Mutagenic,Original,42,Other_Processing_Aids,59,35,59.32203389830508,,,,
Mutagenic,Original,42,Crosslinking_agent,20,10,50.0,,,,
Mutagenic,Original,42,Initiator,11,6,54.54545454545454,,,,
Mutagenic,Original,42,Flame_retardant,5,3,60.0,,,,
Mutagenic,Original,42,Intermediate,35,22,62.857142857142854,,,,
Mutagenic,Original,42,Odor_Agent,11,9,81.81818181818183,,,,
Mutagenic,Original,42,Plasticizer,17,12,70.58823529411765,,,,
Mutagenic,Original,42,Viscosity_modifier,3,3,100.0,,,,
Mutagenic,Original,42,Colorant,68,44,64.70588235294117,,,,
Mutagenic,Original,42,Monomer,13,9,69.23076923076923,,,,
Mutagenic,Original,42,Lubricant,29,19,65.51724137931035,,,,
Mutagenic,Original,42,Antioxidant,9,5,55.55555555555556,,,,
Mutagenic,Original,42,Filler,34,21,61.76470588235294,,,,
Mutagenic,Original,42,Biocide,24,17,70.83333333333334,,,,
Mutagenic,Original,42,Blowing_agent,3,3,100.0,,,,
Mutagenic,Original,42,Antistatic_agent,2,1,50.0,,,,
Mutagenic,Original,42,Solvent,1,1,100.0,,,,
Mutagenic,Original,42,NIAS,1,0,0.0,,,,
Mutagenic,Original,42,Impurity,1,0,0.0,,,,
Mutagenic,Original,42,Surfactant,1,1,100.0,,,,
Mutagenic,Original,43,Colorant,65,43,66.15384615384615,,,,
Mutagenic,Original,43,Filler,36,24,66.66666666666666,,,,
Mutagenic,Original,43,Lubricant,28,20,71.42857142857143,,,,
Mutagenic,Original,43,Other_Processing_Aids,65,36,55.38461538461539,,,,
Mutagenic,Original,43,Intermediate,40,23,57.49999999999999,,,,
Mutagenic,Original,43,Flame_retardant,8,8,100.0,,,,
Mutagenic,Original,43,Biocide,21,17,80.95238095238095,,,,
Mutagenic,Original,43,Plasticizer,15,7,46.666666666666664,,,,
Mutagenic,Original,43,Antioxidant,17,10,58.82352941176471,,,,
Mutagenic,Original,43,Odor_Agent,13,8,61.53846153846154,,,,
Mutagenic,Original,43,Catalyst,14,5,35.714285714285715,,,,
Mutagenic,Original,43,Heat_stabilizer,3,2,66.66666666666666,,,,
Mutagenic,Original,43,Light_stabilizer,18,11,61.111111111111114,,,,
Mutagenic,Original,43,Monomer,14,8,57.14285714285714,,,,
Mutagenic,Original,43,Antistatic_agent,5,3,60.0,,,,
Mutagenic,Original,43,Blowing_agent,2,1,50.0,,,,
Mutagenic,Original,43,Crosslinking_agent,21,7,33.33333333333333,,,,
Mutagenic,Original,43,Unspecified_additive,1,0,0.0,,,,
Mutagenic,Original,43,Initiator,7,0,0.0,,,,
Mutagenic,Original,43,Solvent,3,2,66.66666666666666,,,,
Mutagenic,Original,44,Antioxidant,15,9,60.0,,,,
Mutagenic,Original,44,Heat_stabilizer,7,5,71.42857142857143,,,,
Mutagenic,Original,44,Light_stabilizer,17,11,64.70588235294117,,,,
Mutagenic,Original,44,Lubricant,27,15,55.55555555555556,,,,
Mutagenic,Original,44,Odor_Agent,14,8,57.14285714285714,,,,
Mutagenic,Original,44,Other_Processing_Aids,53,32,60.37735849056604,,,,
Mutagenic,Original,44,Plasticizer,12,8,66.66666666666666,,,,
Mutagenic,Original,44,Solvent,3,2,66.66666666666666,,,,
Mutagenic,Original,44,Biocide,20,11,55.00000000000001,,,,
Mutagenic,Original,44,Catalyst,15,10,66.66666666666666,,,,
Mutagenic,Original,44,Colorant,63,39,61.904761904761905,,,,
Mutagenic,Original,44,Intermediate,34,20,58.82352941176471,,,,
Mutagenic,Original,44,Filler,31,20,64.51612903225806,,,,
Mutagenic,Original,44,Monomer,13,6,46.15384615384615,,,,
Mutagenic,Original,44,Crosslinking_agent,19,12,63.1578947368421,,,,
Mutagenic,Original,44,Initiator,11,7,63.63636363636363,,,,
Mutagenic,Original,44,Antistatic_agent,4,3,75.0,,,,
Mutagenic,Original,44,Viscosity_modifier,2,1,50.0,,,,
Mutagenic,Original,44,Flame_retardant,4,2,50.0,,,,
Mutagenic,Original,44,Blowing_agent,2,1,50.0,,,,
Mutagenic,Original,44,Unspecified_additive,1,1,100.0,,,,
Mutagenic,Original,45,Biocide,19,10,52.63157894736842,,,,
Mutagenic,Original,45,Colorant,67,42,62.68656716417911,,,,
Mutagenic,Original,45,Catalyst,14,11,78.57142857142857,,,,
Mutagenic,Original,45,Filler,31,15,48.38709677419355,,,,
Mutagenic,Original,45,Intermediate,41,24,58.536585365853654,,,,
Mutagenic,Original,45,Lubricant,24,13,54.166666666666664,,,,
Mutagenic,Original,45,Monomer,17,11,64.70588235294117,,,,
Mutagenic,Original,45,Odor_Agent,16,9,56.25,,,,
Mutagenic,Original,45,Other_Processing_Aids,53,29,54.71698113207547,,,,
Mutagenic,Original,45,Plasticizer,9,3,33.33333333333333,,,,
Mutagenic,Original,45,Solvent,1,1,100.0,,,,
Mutagenic,Original,45,Antioxidant,15,8,53.333333333333336,,,,
Mutagenic,Original,45,Crosslinking_agent,22,10,45.45454545454545,,,,
Mutagenic,Original,45,Light_stabilizer,18,10,55.55555555555556,,,,
Mutagenic,Original,45,Initiator,6,3,50.0,,,,
Mutagenic,Original,45,Heat_stabilizer,8,4,50.0,,,,
Mutagenic,Original,45,Flame_retardant,5,2,40.0,,,,
Mutagenic,Original,45,Blowing_agent,1,1,100.0,,,,
Mutagenic,Original,45,Viscosity_modifier,1,1,100.0,,,,
Mutagenic,Original,45,Antistatic_agent,2,0,0.0,,,,
Mutagenic,Original,45,Unspecified_additive,2,1,50.0,,,,
Mutagenic,Original,46,Odor_Agent,18,12,66.66666666666666,,,,
Mutagenic,Original,46,Antioxidant,18,9,50.0,,,,
Mutagenic,Original,46,Intermediate,36,22,61.111111111111114,,,,
Mutagenic,Original,46,Lubricant,24,13,54.166666666666664,,,,
Mutagenic,Original,46,Biocide,13,8,61.53846153846154,,,,
Mutagenic,Original,46,Colorant,60,36,60.0,,,,
Mutagenic,Original,46,Filler,28,18,64.28571428571429,,,,
Mutagenic,Original,46,Other_Processing_Aids,44,26,59.09090909090909,,,,
Mutagenic,Original,46,Antistatic_agent,4,3,75.0,,,,
Mutagenic,Original,46,Catalyst,19,14,73.68421052631578,,,,
Mutagenic,Original,46,Light_stabilizer,15,11,73.33333333333333,,,,
Mutagenic,Original,46,Monomer,17,12,70.58823529411765,,,,
Mutagenic,Original,46,Crosslinking_agent,20,13,65.0,,,,
Mutagenic,Original,46,Plasticizer,9,6,66.66666666666666,,,,
Mutagenic,Original,46,Heat_stabilizer,4,2,50.0,,,,
Mutagenic,Original,46,Initiator,9,6,66.66666666666666,,,,
Mutagenic,Original,46,Flame_retardant,10,9,90.0,,,,
Mutagenic,Original,46,Blowing_agent,3,2,66.66666666666666,,,,
Mutagenic,Original,46,NIAS,2,2,100.0,,,,
Mutagenic,Original,46,Impurity,1,1,100.0,,,,
Mutagenic,Original,46,Viscosity_modifier,1,0,0.0,,,,
Mutagenic,Original,47,Colorant,69,43,62.31884057971014,,,,
Mutagenic,Original,47,Antioxidant,13,7,53.84615384615385,,,,
Mutagenic,Original,47,Crosslinking_agent,21,8,38.095238095238095,,,,
Mutagenic,Original,47,Heat_stabilizer,3,1,33.33333333333333,,,,
Mutagenic,Original,47,Light_stabilizer,15,8,53.333333333333336,,,,
Mutagenic,Original,47,Other_Processing_Aids,61,35,57.377049180327866,,,,
Mutagenic,Original,47,Biocide,22,9,40.909090909090914,,,,
Mutagenic,Original,47,Blowing_agent,2,1,50.0,,,,
Mutagenic,Original,47,Catalyst,19,9,47.368421052631575,,,,
Mutagenic,Original,47,Filler,33,16,48.484848484848484,,,,
Mutagenic,Original,47,Intermediate,34,22,64.70588235294117,,,,
Mutagenic,Original,47,Lubricant,30,14,46.666666666666664,,,,
Mutagenic,Original,47,Odor_Agent,18,10,55.55555555555556,,,,
Mutagenic,Original,47,Plasticizer,15,7,46.666666666666664,,,,
Mutagenic,Original,47,Solvent,3,3,100.0,,,,
Mutagenic,Original,47,Antistatic_agent,4,1,25.0,,,,
Mutagenic,Original,47,Monomer,15,11,73.33333333333333,,,,
Mutagenic,Original,47,Flame_retardant,3,2,66.66666666666666,,,,
Mutagenic,Original,47,Initiator,13,6,46.15384615384615,,,,
Mutagenic,Original,47,Unspecified_additive,1,0,0.0,,,,
Mutagenic,Original,47,Viscosity_modifier,1,1,100.0,,,,
Mutagenic,Original,48,Colorant,73,48,65.75342465753424,,,,
Mutagenic,Original,48,Crosslinking_agent,16,10,62.5,,,,
Mutagenic,Original,48,Filler,34,21,61.76470588235294,,,,
Mutagenic,Original,48,Other_Processing_Aids,65,35,53.84615384615385,,,,
Mutagenic,Original,48,Catalyst,17,9,52.94117647058824,,,,
Mutagenic,Original,48,Biocide,24,15,62.5,,,,
Mutagenic,Original,48,Intermediate,49,30,61.224489795918366,,,,
Mutagenic,Original,48,Antioxidant,21,12,57.14285714285714,,,,
Mutagenic,Original,48,Plasticizer,19,9,47.368421052631575,,,,
Mutagenic,Original,48,Impact_modifier,1,0,0.0,,,,
Mutagenic,Original,48,Flame_retardant,10,4,40.0,,,,
Mutagenic,Original,48,Initiator,7,5,71.42857142857143,,,,
Mutagenic,Original,48,Light_stabilizer,23,15,65.21739130434783,,,,
Mutagenic,Original,48,Heat_stabilizer,7,6,85.71428571428571,,,,
Mutagenic,Original,48,Lubricant,25,13,52.0,,,,
Mutagenic,Original,48,Odor_Agent,12,8,66.66666666666666,,,,
Mutagenic,Original,48,Monomer,21,17,80.95238095238095,,,,
Mutagenic,Original,48,Viscosity_modifier,1,1,100.0,,,,
Mutagenic,Original,48,Antistatic_agent,4,2,50.0,,,,
Mutagenic,Original,48,Solvent,3,1,33.33333333333333,,,,
Mutagenic,Original,48,Surfactant,1,1,100.0,,,,
Mutagenic,Original,48,Blowing_agent,2,0,0.0,,,,
Mutagenic,Original,49,Other_Processing_Aids,65,35,53.84615384615385,,,,
Mutagenic,Original,49,Colorant,63,36,57.14285714285714,,,,
Mutagenic,Original,49,Antioxidant,14,9,64.28571428571429,,,,
Mutagenic,Original,49,Light_stabilizer,14,8,57.14285714285714,,,,
Mutagenic,Original,49,Biocide,18,12,66.66666666666666,,,,
Mutagenic,Original,49,Intermediate,35,19,54.285714285714285,,,,
Mutagenic,Original,49,Monomer,11,10,90.9090909090909,,,,
Mutagenic,Original,49,Catalyst,18,11,61.111111111111114,,,,
Mutagenic,Original,49,Crosslinking_agent,27,14,51.85185185185185,,,,
Mutagenic,Original,49,Filler,35,23,65.71428571428571,,,,
Mutagenic,Original,49,Heat_stabilizer,7,2,28.57142857142857,,,,
Mutagenic,Original,49,Initiator,10,6,60.0,,,,
Mutagenic,Original,49,Lubricant,26,16,61.53846153846154,,,,
Mutagenic,Original,49,Flame_retardant,5,4,80.0,,,,
Mutagenic,Original,49,Odor_Agent,8,7,87.5,,,,
Mutagenic,Original,49,Plasticizer,14,7,50.0,,,,
Mutagenic,Original,49,Blowing_agent,3,3,100.0,,,,
Mutagenic,Original,49,Unspecified_additive,1,0,0.0,,,,
Mutagenic,Original,49,Antistatic_agent,4,4,100.0,,,,
Mutagenic,Original,49,Solvent,1,0,0.0,,,,
Mutagenic,Original,50,Colorant,80,53,66.25,,,,
Mutagenic,Original,50,Filler,41,27,65.85365853658537,,,,
Mutagenic,Original,50,Lubricant,33,22,66.66666666666666,,,,
Mutagenic,Original,50,Other_Processing_Aids,60,40,66.66666666666666,,,,
Mutagenic,Original,50,Plasticizer,19,10,52.63157894736842,,,,
Mutagenic,Original,50,Intermediate,40,26,65.0,,,,
Mutagenic,Original,50,Antioxidant,15,7,46.666666666666664,,,,
Mutagenic,Original,50,Antistatic_agent,5,3,60.0,,,,
Mutagenic,Original,50,Crosslinking_agent,18,10,55.55555555555556,,,,
Mutagenic,Original,50,Heat_stabilizer,7,5,71.42857142857143,,,,
Mutagenic,Original,50,Light_stabilizer,14,10,71.42857142857143,,,,
Mutagenic,Original,50,Viscosity_modifier,3,3,100.0,,,,
Mutagenic,Original,50,Biocide,23,17,73.91304347826086,,,,
Mutagenic,Original,50,NIAS,1,1,100.0,,,,
Mutagenic,Original,50,Impurity,1,1,100.0,,,,
Mutagenic,Original,50,Solvent,3,2,66.66666666666666,,,,
Mutagenic,Original,50,Catalyst,20,13,65.0,,,,
Mutagenic,Original,50,Blowing_agent,3,1,33.33333333333333,,,,
Mutagenic,Original,50,Flame_retardant,9,5,55.55555555555556,,,,
Mutagenic,Original,50,Monomer,11,5,45.45454545454545,,,,
Mutagenic,Original,50,Odor_Agent,16,12,75.0,,,,
Mutagenic,Original,50,Initiator,12,7,58.333333333333336,,,,
Mutagenic,Original,50,Stabilizer,1,1,100.0,,,,
Mutagenic,Binary (2 vs others),1,Colorant,70,62,88.57142857142857,61.0,1.0,7.0,1.0
Mutagenic,Binary (2 vs others),1,Other_Processing_Aids,70,58,82.85714285714286,56.0,1.0,11.0,2.0
Mutagenic,Binary (2 vs others),1,Intermediate,43,36,83.72093023255815,35.0,0.0,7.0,1.0
Mutagenic,Binary (2 vs others),1,Antioxidant,18,18,100.0,17.0,0.0,0.0,1.0
Mutagenic,Binary (2 vs others),1,Catalyst,22,17,77.27272727272727,16.0,0.0,5.0,1.0
Mutagenic,Binary (2 vs others),1,Crosslinking_agent,26,21,80.76923076923077,19.0,0.0,5.0,2.0
Mutagenic,Binary (2 vs others),1,Filler,27,24,88.88888888888889,23.0,0.0,3.0,1.0
Mutagenic,Binary (2 vs others),1,Initiator,16,14,87.5,13.0,0.0,2.0,1.0
Mutagenic,Binary (2 vs others),1,Plasticizer,16,14,87.5,14.0,0.0,2.0,0.0
Mutagenic,Binary (2 vs others),1,Lubricant,29,26,89.65517241379311,25.0,0.0,3.0,1.0
Mutagenic,Binary (2 vs others),1,Biocide,16,15,93.75,15.0,0.0,1.0,0.0
Mutagenic,Binary (2 vs others),1,Odor_Agent,11,10,90.9090909090909,9.0,0.0,1.0,1.0
Mutagenic,Binary (2 vs others),1,Heat_stabilizer,6,6,100.0,6.0,0.0,0.0,0.0
Mutagenic,Binary (2 vs others),1,Light_stabilizer,17,16,94.11764705882352,15.0,0.0,1.0,1.0
Mutagenic,Binary (2 vs others),1,Viscosity_modifier,2,2,100.0,2.0,0.0,0.0,0.0
Mutagenic,Binary (2 vs others),1,Flame_retardant,11,9,81.81818181818183,9.0,0.0,2.0,0.0
Mutagenic,Binary (2 vs others),1,Monomer,14,13,92.85714285714286,13.0,0.0,1.0,0.0
Mutagenic,Binary (2 vs others),1,Blowing_agent,2,2,100.0,2.0,0.0,0.0,0.0
Mutagenic,Binary (2 vs others),1,Solvent,1,1,100.0,1.0,0.0,0.0,0.0
Mutagenic,Binary (2 vs others),2,Catalyst,19,16,84.21052631578947,15.0,0.0,3.0,1.0
Mutagenic,Binary (2 vs others),2,Colorant,66,54,81.81818181818183,51.0,2.0,10.0,3.0
Mutagenic,Binary (2 vs others),2,Crosslinking_agent,19,16,84.21052631578947,15.0,0.0,3.0,1.0
Mutagenic,Binary (2 vs others),2,Filler,32,29,90.625,28.0,0.0,3.0,1.0
Mutagenic,Binary (2 vs others),2,Lubricant,32,27,84.375,27.0,1.0,4.0,0.0
Mutagenic,Binary (2 vs others),2,Other_Processing_Aids,66,53,80.3030303030303,51.0,3.0,10.0,2.0
Mutagenic,Binary (2 vs others),2,Intermediate,39,30,76.92307692307693,29.0,1.0,8.0,1.0
Mutagenic,Binary (2 vs others),2,NIAS,1,1,100.0,1.0,0.0,0.0,0.0
Mutagenic,Binary (2 vs others),2,Impurity,1,1,100.0,1.0,0.0,0.0,0.0
Mutagenic,Binary (2 vs others),2,Biocide,10,9,90.0,9.0,0.0,1.0,0.0
Mutagenic,Binary (2 vs others),2,Monomer,17,15,88.23529411764706,15.0,0.0,2.0,0.0
Mutagenic,Binary (2 vs others),2,Odor_Agent,11,9,81.81818181818183,9.0,0.0,2.0,0.0
Mutagenic,Binary (2 vs others),2,Antioxidant,15,11,73.33333333333333,11.0,1.0,3.0,0.0
Mutagenic,Binary (2 vs others),2,Heat_stabilizer,6,6,100.0,6.0,0.0,0.0,0.0
Mutagenic,Binary (2 vs others),2,Light_stabilizer,13,11,84.61538461538461,11.0,1.0,1.0,0.0
Mutagenic,Binary (2 vs others),2,Plasticizer,22,17,77.27272727272727,16.0,1.0,4.0,1.0
Mutagenic,Binary (2 vs others),2,Solvent,3,2,66.66666666666666,2.0,0.0,1.0,0.0
Mutagenic,Binary (2 vs others),2,Impact_modifier,1,1,100.0,1.0,0.0,0.0,0.0
Mutagenic,Binary (2 vs others),2,Flame_retardant,6,4,66.66666666666666,4.0,0.0,2.0,0.0
Mutagenic,Binary (2 vs others),2,Viscosity_modifier,5,3,60.0,3.0,1.0,1.0,0.0
Mutagenic,Binary (2 vs others),2,Initiator,14,12,85.71428571428571,11.0,0.0,2.0,1.0
Mutagenic,Binary (2 vs others),2,Antistatic_agent,4,3,75.0,3.0,0.0,1.0,0.0
Mutagenic,Binary (2 vs others),2,Unspecified_additive,1,1,100.0,1.0,0.0,0.0,0.0
Mutagenic,Binary (2 vs others),2,Blowing_agent,5,4,80.0,4.0,0.0,1.0,0.0
Mutagenic,Binary (2 vs others),3,Colorant,74,63,85.13513513513513,61.0,2.0,9.0,2.0
Mutagenic,Binary (2 vs others),3,Antistatic_agent,3,2,66.66666666666666,2.0,1.0,0.0,0.0
Mutagenic,Binary (2 vs others),3,Blowing_agent,2,2,100.0,2.0,0.0,0.0,0.0
Mutagenic,Binary (2 vs others),3,Filler,35,31,88.57142857142857,31.0,2.0,2.0,0.0
Mutagenic,Binary (2 vs others),3,Lubricant,26,23,88.46153846153845,23.0,1.0,2.0,0.0
Mutagenic,Binary (2 vs others),3,Other_Processing_Aids,55,48,87.27272727272727,48.0,2.0,5.0,0.0
Mutagenic,Binary (2 vs others),3,Antioxidant,13,12,92.3076923076923,11.0,0.0,1.0,1.0
Mutagenic,Binary (2 vs others),3,Biocide,27,25,92.5925925925926,24.0,1.0,1.0,1.0
Mutagenic,Binary (2 vs others),3,Catalyst,20,17,85.0,16.0,1.0,2.0,1.0
Mutagenic,Binary (2 vs others),3,Crosslinking_agent,18,16,88.88888888888889,15.0,1.0,1.0,1.0
Mutagenic,Binary (2 vs others),3,Intermediate,40,34,85.0,31.0,1.0,5.0,3.0
Mutagenic,Binary (2 vs others),3,Light_stabilizer,21,17,80.95238095238095,16.0,1.0,3.0,1.0
Mutagenic,Binary (2 vs others),3,Flame_retardant,7,4,57.14285714285714,4.0,0.0,3.0,0.0
Mutagenic,Binary (2 vs others),3,Initiator,10,10,100.0,10.0,0.0,0.0,0.0
Mutagenic,Binary (2 vs others),3,Monomer,15,14,93.33333333333333,14.0,0.0,1.0,0.0
Mutagenic,Binary (2 vs others),3,Plasticizer,15,14,93.33333333333333,14.0,0.0,1.0,0.0
Mutagenic,Binary (2 vs others),3,Odor_Agent,13,11,84.61538461538461,11.0,1.0,1.0,0.0
Mutagenic,Binary (2 vs others),3,Viscosity_modifier,4,3,75.0,3.0,1.0,0.0,0.0
Mutagenic,Binary (2 vs others),3,Heat_stabilizer,4,3,75.0,3.0,0.0,1.0,0.0
Mutagenic,Binary (2 vs others),4,Other_Processing_Aids,60,46,76.66666666666667,45.0,4.0,10.0,1.0
Mutagenic,Binary (2 vs others),4,Catalyst,14,9,64.28571428571429,7.0,2.0,3.0,2.0
Mutagenic,Binary (2 vs others),4,Crosslinking_agent,23,17,73.91304347826086,15.0,2.0,4.0,2.0
Mutagenic,Binary (2 vs others),4,Initiator,7,3,42.857142857142854,2.0,1.0,3.0,1.0
Mutagenic,Binary (2 vs others),4,Light_stabilizer,17,12,70.58823529411765,11.0,3.0,2.0,1.0
Mutagenic,Binary (2 vs others),4,Colorant,67,55,82.08955223880598,54.0,2.0,10.0,1.0
Mutagenic,Binary (2 vs others),4,Monomer,10,9,90.0,9.0,1.0,0.0,0.0
Mutagenic,Binary (2 vs others),4,Antistatic_agent,3,2,66.66666666666666,2.0,1.0,0.0,0.0
Mutagenic,Binary (2 vs others),4,Intermediate,37,29,78.37837837837837,27.0,1.0,7.0,2.0
Mutagenic,Binary (2 vs others),4,Odor_Agent,15,14,93.33333333333333,13.0,0.0,1.0,1.0
Mutagenic,Binary (2 vs others),4,Biocide,23,20,86.95652173913044,18.0,0.0,3.0,2.0
Mutagenic,Binary (2 vs others),4,Filler,25,19,76.0,19.0,1.0,5.0,0.0
Mutagenic,Binary (2 vs others),4,Lubricant,24,18,75.0,18.0,2.0,4.0,0.0
Mutagenic,Binary (2 vs others),4,Plasticizer,15,10,66.66666666666666,10.0,3.0,2.0,0.0
Mutagenic,Binary (2 vs others),4,Solvent,5,5,100.0,5.0,0.0,0.0,0.0
Mutagenic,Binary (2 vs others),4,Antioxidant,17,11,64.70588235294117,10.0,3.0,3.0,1.0
Mutagenic,Binary (2 vs others),4,Flame_retardant,5,2,40.0,2.0,1.0,2.0,0.0
Mutagenic,Binary (2 vs others),4,Viscosity_modifier,4,3,75.0,3.0,1.0,0.0,0.0
Mutagenic,Binary (2 vs others),4,Heat_stabilizer,7,6,85.71428571428571,6.0,0.0,1.0,0.0
Mutagenic,Binary (2 vs others),4,Blowing_agent,4,0,0.0,0.0,1.0,3.0,0.0
Mutagenic,Binary (2 vs others),4,NIAS,1,1,100.0,1.0,0.0,0.0,0.0
Mutagenic,Binary (2 vs others),5,Monomer,17,12,70.58823529411765,12.0,3.0,2.0,0.0
Mutagenic,Binary (2 vs others),5,Colorant,73,57,78.08219178082192,57.0,2.0,14.0,0.0
Mutagenic,Binary (2 vs others),5,Intermediate,46,33,71.73913043478261,32.0,2.0,11.0,1.0
Mutagenic,Binary (2 vs others),5,Other_Processing_Aids,70,51,72.85714285714285,51.0,4.0,15.0,0.0
Mutagenic,Binary (2 vs others),5,Flame_retardant,6,1,16.666666666666664,1.0,3.0,2.0,0.0
Mutagenic,Binary (2 vs others),5,Biocide,26,21,80.76923076923077,21.0,1.0,4.0,0.0
Mutagenic,Binary (2 vs others),5,Crosslinking_agent,24,18,75.0,18.0,2.0,4.0,0.0
Mutagenic,Binary (2 vs others),5,Filler,38,28,73.68421052631578,28.0,2.0,8.0,0.0
Mutagenic,Binary (2 vs others),5,Lubricant,36,28,77.77777777777779,28.0,2.0,6.0,0.0
Mutagenic,Binary (2 vs others),5,Odor_Agent,17,14,82.35294117647058,14.0,0.0,3.0,0.0
Mutagenic,Binary (2 vs others),5,Plasticizer,17,11,64.70588235294117,11.0,2.0,4.0,0.0
Mutagenic,Binary (2 vs others),5,Antioxidant,18,13,72.22222222222221,12.0,2.0,3.0,1.0
Mutagenic,Binary (2 vs others),5,Viscosity_modifier,5,4,80.0,4.0,0.0,1.0,0.0
Mutagenic,Binary (2 vs others),5,Catalyst,17,14,82.35294117647058,14.0,2.0,1.0,0.0
Mutagenic,Binary (2 vs others),5,Initiator,13,11,84.61538461538461,11.0,1.0,1.0,0.0
Mutagenic,Binary (2 vs others),5,Light_stabilizer,21,17,80.95238095238095,17.0,1.0,3.0,0.0
Mutagenic,Binary (2 vs others),5,Solvent,4,3,75.0,3.0,0.0,1.0,0.0
Mutagenic,Binary (2 vs others),5,Antistatic_agent,3,2,66.66666666666666,2.0,1.0,0.0,0.0
Mutagenic,Binary (2 vs others),5,Blowing_agent,2,1,50.0,1.0,1.0,0.0,0.0
Mutagenic,Binary (2 vs others),5,NIAS,1,1,100.0,1.0,0.0,0.0,0.0
Mutagenic,Binary (2 vs others),5,Impurity,1,1,100.0,1.0,0.0,0.0,0.0
Mutagenic,Binary (2 vs others),5,Heat_stabilizer,4,2,50.0,2.0,1.0,1.0,0.0
Mutagenic,Binary (2 vs others),6,Other_Processing_Aids,60,52,86.66666666666667,50.0,1.0,7.0,2.0
Mutagenic,Binary (2 vs others),6,Monomer,17,15,88.23529411764706,15.0,0.0,2.0,0.0
Mutagenic,Binary (2 vs others),6,Intermediate,37,32,86.48648648648648,29.0,0.0,5.0,3.0
Mutagenic,Binary (2 vs others),6,Colorant,62,57,91.93548387096774,53.0,0.0,5.0,4.0
Mutagenic,Binary (2 vs others),6,Filler,32,27,84.375,26.0,0.0,5.0,1.0
Mutagenic,Binary (2 vs others),6,Biocide,19,18,94.73684210526315,17.0,0.0,1.0,1.0
Mutagenic,Binary (2 vs others),6,Odor_Agent,14,14,100.0,12.0,0.0,0.0,2.0
Mutagenic,Binary (2 vs others),6,Lubricant,27,23,85.18518518518519,22.0,0.0,4.0,1.0
Mutagenic,Binary (2 vs others),6,Plasticizer,16,11,68.75,11.0,0.0,5.0,0.0
Mutagenic,Binary (2 vs others),6,Antioxidant,15,11,73.33333333333333,9.0,1.0,3.0,2.0
Mutagenic,Binary (2 vs others),6,Flame_retardant,7,3,42.857142857142854,3.0,0.0,4.0,0.0
Mutagenic,Binary (2 vs others),6,Initiator,5,5,100.0,4.0,0.0,0.0,1.0
Mutagenic,Binary (2 vs others),6,Catalyst,11,10,90.9090909090909,8.0,0.0,1.0,2.0
Mutagenic,Binary (2 vs others),6,Crosslinking_agent,13,12,92.3076923076923,10.0,0.0,1.0,2.0
Mutagenic,Binary (2 vs others),6,Light_stabilizer,10,7,70.0,7.0,1.0,2.0,0.0
Mutagenic,Binary (2 vs others),6,Heat_stabilizer,6,5,83.33333333333334,5.0,0.0,1.0,0.0
Mutagenic,Binary (2 vs others),6,Antistatic_agent,2,2,100.0,2.0,0.0,0.0,0.0
Mutagenic,Binary (2 vs others),6,Blowing_agent,1,0,0.0,0.0,0.0,1.0,0.0
Mutagenic,Binary (2 vs others),6,Solvent,1,1,100.0,1.0,0.0,0.0,0.0
Mutagenic,Binary (2 vs others),6,Unspecified_additive,1,0,0.0,0.0,0.0,1.0,0.0
Mutagenic,Binary (2 vs others),6,Surfactant,1,1,100.0,1.0,0.0,0.0,0.0
Mutagenic,Binary (2 vs others),7,Plasticizer,19,15,78.94736842105263,15.0,0.0,4.0,0.0
Mutagenic,Binary (2 vs others),7,Antistatic_agent,3,3,100.0,3.0,0.0,0.0,0.0
Mutagenic,Binary (2 vs others),7,Biocide,24,22,91.66666666666666,22.0,0.0,2.0,0.0
Mutagenic,Binary (2 vs others),7,Catalyst,24,18,75.0,18.0,0.0,6.0,0.0
Mutagenic,Binary (2 vs others),7,Colorant,76,68,89.47368421052632,65.0,1.0,7.0,3.0
Mutagenic,Binary (2 vs others),7,Crosslinking_agent,28,23,82.14285714285714,23.0,0.0,5.0,0.0
Mutagenic,Binary (2 vs others),7,Filler,36,29,80.55555555555556,29.0,0.0,7.0,0.0
Mutagenic,Binary (2 vs others),7,Intermediate,37,32,86.48648648648648,30.0,0.0,5.0,2.0
Mutagenic,Binary (2 vs others),7,Light_stabilizer,26,19,73.07692307692307,19.0,0.0,7.0,0.0
Mutagenic,Binary (2 vs others),7,Lubricant,28,24,85.71428571428571,24.0,0.0,4.0,0.0
Mutagenic,Binary (2 vs others),7,Odor_Agent,20,18,90.0,18.0,0.0,2.0,0.0
Mutagenic,Binary (2 vs others),7,Other_Processing_Aids,56,45,80.35714285714286,44.0,1.0,10.0,1.0
Mutagenic,Binary (2 vs others),7,Viscosity_modifier,2,2,100.0,2.0,0.0,0.0,0.0
Mutagenic,Binary (2 vs others),7,Initiator,14,11,78.57142857142857,11.0,0.0,3.0,0.0
Mutagenic,Binary (2 vs others),7,Solvent,3,3,100.0,3.0,0.0,0.0,0.0
Mutagenic,Binary (2 vs others),7,Heat_stabilizer,8,7,87.5,7.0,0.0,1.0,0.0
Mutagenic,Binary (2 vs others),7,Monomer,17,14,82.35294117647058,14.0,0.0,3.0,0.0
Mutagenic,Binary (2 vs others),7,Antioxidant,19,17,89.47368421052632,17.0,0.0,2.0,0.0
Mutagenic,Binary (2 vs others),7,Blowing_agent,1,1,100.0,1.0,0.0,0.0,0.0
Mutagenic,Binary (2 vs others),7,NIAS,1,1,100.0,1.0,0.0,0.0,0.0
Mutagenic,Binary (2 vs others),7,Impurity,1,1,100.0,1.0,0.0,0.0,0.0
Mutagenic,Binary (2 vs others),7,Flame_retardant,4,3,75.0,3.0,0.0,1.0,0.0
Mutagenic,Binary (2 vs others),7,Unspecified_additive,1,1,100.0,1.0,0.0,0.0,0.0
Mutagenic,Binary (2 vs others),8,Colorant,69,61,88.40579710144928,57.0,1.0,7.0,4.0
Mutagenic,Binary (2 vs others),8,Light_stabilizer,15,13,86.66666666666667,13.0,0.0,2.0,0.0
Mutagenic,Binary (2 vs others),8,Catalyst,22,18,81.81818181818183,17.0,1.0,3.0,1.0
Mutagenic,Binary (2 vs others),8,Crosslinking_agent,21,19,90.47619047619048,18.0,0.0,2.0,1.0
Mutagenic,Binary (2 vs others),8,Initiator,8,6,75.0,5.0,1.0,1.0,1.0
Mutagenic,Binary (2 vs others),8,Antioxidant,13,12,92.3076923076923,12.0,1.0,0.0,0.0
Mutagenic,Binary (2 vs others),8,Biocide,20,19,95.0,18.0,1.0,0.0,1.0
Mutagenic,Binary (2 vs others),8,Heat_stabilizer,8,5,62.5,5.0,1.0,2.0,0.0
Mutagenic,Binary (2 vs others),8,Lubricant,27,22,81.48148148148148,20.0,1.0,4.0,2.0
Mutagenic,Binary (2 vs others),8,Other_Processing_Aids,58,48,82.75862068965517,44.0,1.0,9.0,4.0
Mutagenic,Binary (2 vs others),8,Intermediate,36,32,88.88888888888889,30.0,1.0,3.0,2.0
Mutagenic,Binary (2 vs others),8,Monomer,15,11,73.33333333333333,11.0,2.0,2.0,0.0
Mutagenic,Binary (2 vs others),8,Plasticizer,16,12,75.0,12.0,0.0,4.0,0.0
Mutagenic,Binary (2 vs others),8,Antistatic_agent,3,3,100.0,3.0,0.0,0.0,0.0
Mutagenic,Binary (2 vs others),8,Filler,33,29,87.87878787878788,27.0,1.0,3.0,2.0
Mutagenic,Binary (2 vs others),8,Odor_Agent,20,19,95.0,17.0,0.0,1.0,2.0
Mutagenic,Binary (2 vs others),8,Flame_retardant,9,6,66.66666666666666,6.0,1.0,2.0,0.0
Mutagenic,Binary (2 vs others),8,Surfactant,1,1,100.0,1.0,0.0,0.0,0.0
Mutagenic,Binary (2 vs others),8,Viscosity_modifier,4,4,100.0,4.0,0.0,0.0,0.0
Mutagenic,Binary (2 vs others),8,Solvent,2,1,50.0,1.0,0.0,1.0,0.0
Mutagenic,Binary (2 vs others),9,Colorant,63,52,82.53968253968253,50.0,2.0,9.0,2.0
Mutagenic,Binary (2 vs others),9,Intermediate,36,27,75.0,27.0,1.0,8.0,0.0
Mutagenic,Binary (2 vs others),9,Biocide,20,14,70.0,14.0,2.0,4.0,0.0
Mutagenic,Binary (2 vs others),9,Catalyst,13,11,84.61538461538461,10.0,1.0,1.0,1.0
Mutagenic,Binary (2 vs others),9,Crosslinking_agent,22,17,77.27272727272727,16.0,1.0,4.0,1.0
Mutagenic,Binary (2 vs others),9,Filler,28,22,78.57142857142857,20.0,1.0,5.0,2.0
Mutagenic,Binary (2 vs others),9,Lubricant,33,25,75.75757575757575,24.0,2.0,6.0,1.0
Mutagenic,Binary (2 vs others),9,Odor_Agent,16,11,68.75,11.0,0.0,5.0,0.0
Mutagenic,Binary (2 vs others),9,Other_Processing_Aids,57,43,75.43859649122807,41.0,3.0,11.0,2.0
Mutagenic,Binary (2 vs others),9,Light_stabilizer,14,12,85.71428571428571,12.0,0.0,2.0,0.0
Mutagenic,Binary (2 vs others),9,Monomer,19,17,89.47368421052632,17.0,0.0,2.0,0.0
Mutagenic,Binary (2 vs others),9,Antioxidant,16,14,87.5,14.0,0.0,2.0,0.0
Mutagenic,Binary (2 vs others),9,Initiator,9,7,77.77777777777779,6.0,1.0,1.0,1.0
Mutagenic,Binary (2 vs others),9,Antistatic_agent,4,3,75.0,3.0,0.0,1.0,0.0
Mutagenic,Binary (2 vs others),9,Plasticizer,26,17,65.38461538461539,16.0,2.0,7.0,1.0
Mutagenic,Binary (2 vs others),9,Flame_retardant,6,4,66.66666666666666,4.0,0.0,2.0,0.0
Mutagenic,Binary (2 vs others),9,Heat_stabilizer,9,9,100.0,9.0,0.0,0.0,0.0
Mutagenic,Binary (2 vs others),9,Unspecified_additive,1,1,100.0,1.0,0.0,0.0,0.0
Mutagenic,Binary (2 vs others),9,Solvent,5,4,80.0,4.0,0.0,1.0,0.0
Mutagenic,Binary (2 vs others),9,Viscosity_modifier,4,2,50.0,2.0,0.0,2.0,0.0
Mutagenic,Binary (2 vs others),9,Blowing_agent,3,2,66.66666666666666,2.0,0.0,1.0,0.0
Mutagenic,Binary (2 vs others),9,Surfactant,1,1,100.0,1.0,0.0,0.0,0.0
Mutagenic,Binary (2 vs others),10,Antistatic_agent,4,3,75.0,3.0,0.0,1.0,0.0
Mutagenic,Binary (2 vs others),10,Colorant,60,52,86.66666666666667,49.0,1.0,7.0,3.0
Mutagenic,Binary (2 vs others),10,Filler,29,27,93.10344827586206,25.0,0.0,2.0,2.0
Mutagenic,Binary (2 vs others),10,Intermediate,36,32,88.88888888888889,29.0,0.0,4.0,3.0
Mutagenic,Binary (2 vs others),10,Other_Processing_Aids,55,45,81.81818181818183,42.0,3.0,7.0,3.0
Mutagenic,Binary (2 vs others),10,Antioxidant,14,13,92.85714285714286,13.0,1.0,0.0,0.0
Mutagenic,Binary (2 vs others),10,Light_stabilizer,20,18,90.0,16.0,1.0,1.0,2.0
Mutagenic,Binary (2 vs others),10,Monomer,17,16,94.11764705882352,16.0,0.0,1.0,0.0
Mutagenic,Binary (2 vs others),10,Catalyst,16,14,87.5,12.0,0.0,2.0,2.0
Mutagenic,Binary (2 vs others),10,Odor_Agent,14,13,92.85714285714286,12.0,0.0,1.0,1.0
Mutagenic,Binary (2 vs others),10,Lubricant,22,18,81.81818181818183,18.0,0.0,4.0,0.0
Mutagenic,Binary (2 vs others),10,Heat_stabilizer,7,6,85.71428571428571,6.0,0.0,1.0,0.0
Mutagenic,Binary (2 vs others),10,Plasticizer,20,17,85.0,16.0,1.0,2.0,1.0
Mutagenic,Binary (2 vs others),10,Blowing_agent,2,1,50.0,1.0,0.0,1.0,0.0
Mutagenic,Binary (2 vs others),10,Solvent,4,4,100.0,4.0,0.0,0.0,0.0
Mutagenic,Binary (2 vs others),10,Biocide,16,15,93.75,15.0,0.0,1.0,0.0
Mutagenic,Binary (2 vs others),10,Crosslinking_agent,14,13,92.85714285714286,11.0,0.0,1.0,2.0
Mutagenic,Binary (2 vs others),10,Initiator,6,6,100.0,4.0,0.0,0.0,2.0
Mutagenic,Binary (2 vs others),10,Flame_retardant,4,4,100.0,4.0,0.0,0.0,0.0
Mutagenic,Binary (2 vs others),10,Viscosity_modifier,2,2,100.0,2.0,0.0,0.0,0.0
Mutagenic,Binary (2 vs others),10,Unspecified_additive,1,0,0.0,0.0,0.0,1.0,0.0
Mutagenic,Binary (2 vs others),11,Catalyst,19,15,78.94736842105263,14.0,0.0,4.0,1.0
Mutagenic,Binary (2 vs others),11,Colorant,67,59,88.05970149253731,55.0,0.0,8.0,4.0
Mutagenic,Binary (2 vs others),11,Crosslinking_agent,20,19,95.0,17.0,0.0,1.0,2.0
Mutagenic,Binary (2 vs others),11,Initiator,8,8,100.0,7.0,0.0,0.0,1.0
Mutagenic,Binary (2 vs others),11,Intermediate,42,36,85.71428571428571,34.0,0.0,6.0,2.0
Mutagenic,Binary (2 vs others),11,Odor_Agent,15,14,93.33333333333333,12.0,0.0,1.0,2.0
Mutagenic,Binary (2 vs others),11,Other_Processing_Aids,66,55,83.33333333333334,52.0,2.0,9.0,3.0
Mutagenic,Binary (2 vs others),11,Monomer,13,12,92.3076923076923,11.0,0.0,1.0,1.0
Mutagenic,Binary (2 vs others),11,Antistatic_agent,5,5,100.0,5.0,0.0,0.0,0.0
Mutagenic,Binary (2 vs others),11,Biocide,20,19,95.0,19.0,0.0,1.0,0.0
Mutagenic,Binary (2 vs others),11,Filler,32,26,81.25,25.0,0.0,6.0,1.0
Mutagenic,Binary (2 vs others),11,Light_stabilizer,17,17,100.0,15.0,0.0,0.0,2.0
Mutagenic,Binary (2 vs others),11,Lubricant,32,26,81.25,24.0,1.0,5.0,2.0
Mutagenic,Binary (2 vs others),11,Plasticizer,15,12,80.0,11.0,0.0,3.0,1.0
Mutagenic,Binary (2 vs others),11,Heat_stabilizer,8,8,100.0,7.0,0.0,0.0,1.0
Mutagenic,Binary (2 vs others),11,Surfactant,1,1,100.0,1.0,0.0,0.0,0.0
Mutagenic,Binary (2 vs others),11,Antioxidant,18,18,100.0,18.0,0.0,0.0,0.0
Mutagenic,Binary (2 vs others),11,Flame_retardant,6,6,100.0,6.0,0.0,0.0,0.0
Mutagenic,Binary (2 vs others),11,Blowing_agent,1,1,100.0,1.0,0.0,0.0,0.0
Mutagenic,Binary (2 vs others),11,Solvent,3,3,100.0,3.0,0.0,0.0,0.0
Mutagenic,Binary (2 vs others),11,NIAS,1,1,100.0,1.0,0.0,0.0,0.0
Mutagenic,Binary (2 vs others),11,Impurity,1,1,100.0,1.0,0.0,0.0,0.0
Mutagenic,Binary (2 vs others),11,Viscosity_modifier,2,2,100.0,2.0,0.0,0.0,0.0
Mutagenic,Binary (2 vs others),12,Other_Processing_Aids,65,52,80.0,49.0,2.0,11.0,3.0
Mutagenic,Binary (2 vs others),12,Filler,36,29,80.55555555555556,27.0,2.0,5.0,2.0
Mutagenic,Binary (2 vs others),12,Intermediate,40,32,80.0,31.0,3.0,5.0,1.0
Mutagenic,Binary (2 vs others),12,Monomer,20,17,85.0,17.0,2.0,1.0,0.0
Mutagenic,Binary (2 vs others),12,Colorant,62,50,80.64516129032258,47.0,3.0,9.0,3.0
Mutagenic,Binary (2 vs others),12,Antioxidant,13,10,76.92307692307693,9.0,2.0,1.0,1.0
Mutagenic,Binary (2 vs others),12,Heat_stabilizer,8,6,75.0,6.0,1.0,1.0,0.0
Mutagenic,Binary (2 vs others),12,Light_stabilizer,18,14,77.77777777777779,13.0,1.0,3.0,1.0
Mutagenic,Binary (2 vs others),12,Flame_retardant,11,7,63.63636363636363,7.0,2.0,2.0,0.0
Mutagenic,Binary (2 vs others),12,Initiator,11,10,90.9090909090909,9.0,0.0,1.0,1.0
Mutagenic,Binary (2 vs others),12,Odor_Agent,15,12,80.0,11.0,0.0,3.0,1.0
Mutagenic,Binary (2 vs others),12,Antistatic_agent,7,6,85.71428571428571,6.0,1.0,0.0,0.0
Mutagenic,Binary (2 vs others),12,Crosslinking_agent,20,17,85.0,15.0,1.0,2.0,2.0
Mutagenic,Binary (2 vs others),12,Plasticizer,20,16,80.0,15.0,1.0,3.0,1.0
Mutagenic,Binary (2 vs others),12,Catalyst,16,12,75.0,11.0,1.0,3.0,1.0
Mutagenic,Binary (2 vs others),12,Lubricant,27,21,77.77777777777779,20.0,2.0,4.0,1.0
Mutagenic,Binary (2 vs others),12,Biocide,20,16,80.0,16.0,2.0,2.0,0.0
Mutagenic,Binary (2 vs others),12,Viscosity_modifier,4,4,100.0,4.0,0.0,0.0,0.0
Mutagenic,Binary (2 vs others),12,Blowing_agent,2,1,50.0,1.0,1.0,0.0,0.0
Mutagenic,Binary (2 vs others),12,NIAS,2,2,100.0,2.0,0.0,0.0,0.0
Mutagenic,Binary (2 vs others),12,Solvent,2,1,50.0,1.0,0.0,1.0,0.0
Mutagenic,Binary (2 vs others),12,Unspecified_additive,1,0,0.0,0.0,0.0,1.0,0.0
Mutagenic,Binary (2 vs others),12,Impurity,1,1,100.0,1.0,0.0,0.0,0.0
Mutagenic,Binary (2 vs others),13,Monomer,13,12,92.3076923076923,12.0,1.0,0.0,0.0
Mutagenic,Binary (2 vs others),13,Filler,26,19,73.07692307692307,19.0,0.0,7.0,0.0
Mutagenic,Binary (2 vs others),13,Intermediate,31,23,74.19354838709677,23.0,1.0,7.0,0.0
Mutagenic,Binary (2 vs others),13,Lubricant,24,20,83.33333333333334,20.0,0.0,4.0,0.0
Mutagenic,Binary (2 vs others),13,Colorant,68,59,86.76470588235294,59.0,1.0,8.0,0.0
Mutagenic,Binary (2 vs others),13,Initiator,12,9,75.0,9.0,1.0,2.0,0.0
Mutagenic,Binary (2 vs others),13,Other_Processing_Aids,58,46,79.3103448275862,46.0,0.0,12.0,0.0
Mutagenic,Binary (2 vs others),13,Flame_retardant,4,2,50.0,2.0,0.0,2.0,0.0
Mutagenic,Binary (2 vs others),13,Catalyst,17,13,76.47058823529412,13.0,1.0,3.0,0.0
Mutagenic,Binary (2 vs others),13,Crosslinking_agent,19,14,73.68421052631578,14.0,0.0,5.0,0.0
Mutagenic,Binary (2 vs others),13,Odor_Agent,10,8,80.0,8.0,0.0,2.0,0.0
Mutagenic,Binary (2 vs others),13,Antioxidant,14,13,92.85714285714286,13.0,0.0,1.0,0.0
Mutagenic,Binary (2 vs others),13,Heat_stabilizer,11,9,81.81818181818183,9.0,0.0,2.0,0.0
Mutagenic,Binary (2 vs others),13,Biocide,19,15,78.94736842105263,15.0,1.0,3.0,0.0
Mutagenic,Binary (2 vs others),13,Light_stabilizer,16,13,81.25,13.0,0.0,3.0,0.0
Mutagenic,Binary (2 vs others),13,Plasticizer,10,5,50.0,5.0,0.0,5.0,0.0
Mutagenic,Binary (2 vs others),13,Solvent,3,1,33.33333333333333,1.0,0.0,2.0,0.0
Mutagenic,Binary (2 vs others),13,Antistatic_agent,1,1,100.0,1.0,0.0,0.0,0.0
Mutagenic,Binary (2 vs others),13,Viscosity_modifier,1,1,100.0,1.0,0.0,0.0,0.0
Mutagenic,Binary (2 vs others),13,Surfactant,1,1,100.0,1.0,0.0,0.0,0.0
Mutagenic,Binary (2 vs others),14,Antioxidant,22,20,90.9090909090909,19.0,0.0,2.0,1.0
Mutagenic,Binary (2 vs others),14,Biocide,22,20,90.9090909090909,17.0,0.0,2.0,3.0
Mutagenic,Binary (2 vs others),14,Catalyst,19,17,89.47368421052632,15.0,0.0,2.0,2.0
Mutagenic,Binary (2 vs others),14,Colorant,65,58,89.23076923076924,55.0,1.0,6.0,3.0
Mutagenic,Binary (2 vs others),14,Crosslinking_agent,20,17,85.0,15.0,0.0,3.0,2.0
Mutagenic,Binary (2 vs others),14,Filler,33,27,81.81818181818183,25.0,0.0,6.0,2.0
Mutagenic,Binary (2 vs others),14,Intermediate,39,34,87.17948717948718,33.0,0.0,5.0,1.0
Mutagenic,Binary (2 vs others),14,Lubricant,24,22,91.66666666666666,20.0,0.0,2.0,2.0
Mutagenic,Binary (2 vs others),14,Odor_Agent,10,9,90.0,7.0,0.0,1.0,2.0
Mutagenic,Binary (2 vs others),14,Other_Processing_Aids,64,54,84.375,52.0,1.0,9.0,2.0
Mutagenic,Binary (2 vs others),14,Heat_stabilizer,10,10,100.0,10.0,0.0,0.0,0.0
Mutagenic,Binary (2 vs others),14,Light_stabilizer,22,19,86.36363636363636,19.0,0.0,3.0,0.0
Mutagenic,Binary (2 vs others),14,Monomer,22,21,95.45454545454545,21.0,0.0,1.0,0.0
Mutagenic,Binary (2 vs others),14,Plasticizer,20,16,80.0,16.0,1.0,3.0,0.0
Mutagenic,Binary (2 vs others),14,Viscosity_modifier,5,5,100.0,5.0,0.0,0.0,0.0
Mutagenic,Binary (2 vs others),14,Initiator,11,10,90.9090909090909,9.0,0.0,1.0,1.0
Mutagenic,Binary (2 vs others),14,Flame_retardant,9,5,55.55555555555556,5.0,0.0,4.0,0.0
Mutagenic,Binary (2 vs others),14,Antistatic_agent,5,4,80.0,4.0,0.0,1.0,0.0
Mutagenic,Binary (2 vs others),14,NIAS,1,1,100.0,1.0,0.0,0.0,0.0
Mutagenic,Binary (2 vs others),14,Blowing_agent,4,2,50.0,2.0,0.0,2.0,0.0
Mutagenic,Binary (2 vs others),14,Unspecified_additive,1,1,100.0,1.0,0.0,0.0,0.0
Mutagenic,Binary (2 vs others),14,Solvent,2,1,50.0,1.0,0.0,1.0,0.0
Mutagenic,Binary (2 vs others),15,Colorant,70,61,87.14285714285714,55.0,1.0,8.0,6.0
Mutagenic,Binary (2 vs others),15,Filler,36,31,86.11111111111111,28.0,1.0,4.0,3.0
Mutagenic,Binary (2 vs others),15,Intermediate,33,29,87.87878787878788,25.0,1.0,3.0,4.0
Mutagenic,Binary (2 vs others),15,Lubricant,31,25,80.64516129032258,22.0,2.0,4.0,3.0
Mutagenic,Binary (2 vs others),15,Other_Processing_Aids,66,54,81.81818181818183,50.0,2.0,10.0,4.0
Mutagenic,Binary (2 vs others),15,Monomer,15,12,80.0,12.0,1.0,2.0,0.0
Mutagenic,Binary (2 vs others),15,Light_stabilizer,24,21,87.5,19.0,2.0,1.0,2.0
Mutagenic,Binary (2 vs others),15,Crosslinking_agent,27,23,85.18518518518519,20.0,1.0,3.0,3.0
Mutagenic,Binary (2 vs others),15,Antioxidant,17,13,76.47058823529412,11.0,2.0,2.0,2.0
Mutagenic,Binary (2 vs others),15,Antistatic_agent,6,5,83.33333333333334,5.0,1.0,0.0,0.0
Mutagenic,Binary (2 vs others),15,Blowing_agent,3,1,33.33333333333333,1.0,1.0,1.0,0.0
Mutagenic,Binary (2 vs others),15,Catalyst,20,18,90.0,16.0,1.0,1.0,2.0
Mutagenic,Binary (2 vs others),15,Flame_retardant,10,6,60.0,6.0,1.0,3.0,0.0
Mutagenic,Binary (2 vs others),15,Plasticizer,17,12,70.58823529411765,12.0,2.0,3.0,0.0
Mutagenic,Binary (2 vs others),15,Biocide,23,22,95.65217391304348,20.0,0.0,1.0,2.0
Mutagenic,Binary (2 vs others),15,Odor_Agent,17,15,88.23529411764706,12.0,0.0,2.0,3.0
Mutagenic,Binary (2 vs others),15,Heat_stabilizer,7,6,85.71428571428571,6.0,0.0,1.0,0.0
Mutagenic,Binary (2 vs others),15,Initiator,10,9,90.0,8.0,0.0,1.0,1.0
Mutagenic,Binary (2 vs others),15,Viscosity_modifier,2,0,0.0,0.0,1.0,1.0,0.0
Mutagenic,Binary (2 vs others),15,Solvent,5,4,80.0,4.0,0.0,1.0,0.0
Mutagenic,Binary (2 vs others),16,Lubricant,24,20,83.33333333333334,19.0,2.0,2.0,1.0
Mutagenic,Binary (2 vs others),16,Other_Processing_Aids,52,41,78.84615384615384,39.0,3.0,8.0,2.0
Mutagenic,Binary (2 vs others),16,Plasticizer,14,9,64.28571428571429,9.0,2.0,3.0,0.0
Mutagenic,Binary (2 vs others),16,Antioxidant,20,17,85.0,16.0,1.0,2.0,1.0
Mutagenic,Binary (2 vs others),16,Colorant,75,65,86.66666666666667,62.0,2.0,8.0,3.0
Mutagenic,Binary (2 vs others),16,Crosslinking_agent,24,19,79.16666666666666,16.0,2.0,3.0,3.0
Mutagenic,Binary (2 vs others),16,Heat_stabilizer,6,6,100.0,6.0,0.0,0.0,0.0
Mutagenic,Binary (2 vs others),16,Light_stabilizer,24,21,87.5,19.0,1.0,2.0,2.0
Mutagenic,Binary (2 vs others),16,Odor_Agent,16,13,81.25,11.0,0.0,3.0,2.0
Mutagenic,Binary (2 vs others),16,Filler,34,27,79.41176470588235,26.0,2.0,5.0,1.0
Mutagenic,Binary (2 vs others),16,Intermediate,39,34,87.17948717948718,31.0,1.0,4.0,3.0
Mutagenic,Binary (2 vs others),16,Biocide,24,19,79.16666666666666,18.0,1.0,4.0,1.0
Mutagenic,Binary (2 vs others),16,Catalyst,19,16,84.21052631578947,14.0,2.0,1.0,2.0
Mutagenic,Binary (2 vs others),16,Initiator,9,7,77.77777777777779,6.0,1.0,1.0,1.0
Mutagenic,Binary (2 vs others),16,Solvent,3,1,33.33333333333333,1.0,0.0,2.0,0.0
Mutagenic,Binary (2 vs others),16,Antistatic_agent,4,3,75.0,3.0,1.0,0.0,0.0
Mutagenic,Binary (2 vs others),16,Monomer,15,14,93.33333333333333,14.0,1.0,0.0,0.0
Mutagenic,Binary (2 vs others),16,Viscosity_modifier,1,0,0.0,0.0,0.0,1.0,0.0
Mutagenic,Binary (2 vs others),16,Flame_retardant,5,4,80.0,4.0,1.0,0.0,0.0
Mutagenic,Binary (2 vs others),16,Blowing_agent,2,1,50.0,1.0,1.0,0.0,0.0
Mutagenic,Binary (2 vs others),16,NIAS,1,1,100.0,1.0,0.0,0.0,0.0
Mutagenic,Binary (2 vs others),16,Impurity,1,1,100.0,1.0,0.0,0.0,0.0
Mutagenic,Binary (2 vs others),17,Flame_retardant,8,6,75.0,6.0,0.0,2.0,0.0
Mutagenic,Binary (2 vs others),17,Biocide,20,15,75.0,15.0,0.0,5.0,0.0
Mutagenic,Binary (2 vs others),17,Colorant,76,61,80.26315789473685,58.0,0.0,15.0,3.0
Mutagenic,Binary (2 vs others),17,Crosslinking_agent,28,24,85.71428571428571,23.0,1.0,3.0,1.0
Mutagenic,Binary (2 vs others),17,Filler,40,34,85.0,33.0,0.0,6.0,1.0
Mutagenic,Binary (2 vs others),17,Lubricant,28,22,78.57142857142857,22.0,0.0,6.0,0.0
Mutagenic,Binary (2 vs others),17,Odor_Agent,13,12,92.3076923076923,12.0,0.0,1.0,0.0
Mutagenic,Binary (2 vs others),17,Other_Processing_Aids,62,50,80.64516129032258,49.0,0.0,12.0,1.0
Mutagenic,Binary (2 vs others),17,Intermediate,41,36,87.8048780487805,34.0,0.0,5.0,2.0
Mutagenic,Binary (2 vs others),17,Plasticizer,17,14,82.35294117647058,14.0,0.0,3.0,0.0
Mutagenic,Binary (2 vs others),17,Catalyst,21,17,80.95238095238095,16.0,0.0,4.0,1.0
Mutagenic,Binary (2 vs others),17,Monomer,11,11,100.0,11.0,0.0,0.0,0.0
Mutagenic,Binary (2 vs others),17,Solvent,5,5,100.0,5.0,0.0,0.0,0.0
Mutagenic,Binary (2 vs others),17,Antioxidant,21,18,85.71428571428571,17.0,0.0,3.0,1.0
Mutagenic,Binary (2 vs others),17,Heat_stabilizer,10,9,90.0,9.0,0.0,1.0,0.0
Mutagenic,Binary (2 vs others),17,Light_stabilizer,23,20,86.95652173913044,20.0,1.0,2.0,0.0
Mutagenic,Binary (2 vs others),17,Initiator,11,10,90.9090909090909,9.0,0.0,1.0,1.0
Mutagenic,Binary (2 vs others),17,Stabilizer,1,1,100.0,1.0,0.0,0.0,0.0
Mutagenic,Binary (2 vs others),17,Blowing_agent,3,1,33.33333333333333,1.0,0.0,2.0,0.0
Mutagenic,Binary (2 vs others),17,Antistatic_agent,3,3,100.0,3.0,0.0,0.0,0.0
Mutagenic,Binary (2 vs others),17,NIAS,2,2,100.0,2.0,0.0,0.0,0.0
Mutagenic,Binary (2 vs others),17,Impurity,2,2,100.0,2.0,0.0,0.0,0.0
Mutagenic,Binary (2 vs others),17,Unspecified_additive,1,0,0.0,0.0,0.0,1.0,0.0
Mutagenic,Binary (2 vs others),17,Viscosity_modifier,1,1,100.0,1.0,0.0,0.0,0.0
Mutagenic,Binary (2 vs others),18,Colorant,76,63,82.89473684210526,61.0,3.0,10.0,2.0
Mutagenic,Binary (2 vs others),18,Filler,34,27,79.41176470588235,26.0,2.0,5.0,1.0
Mutagenic,Binary (2 vs others),18,Antioxidant,22,19,86.36363636363636,18.0,2.0,1.0,1.0
Mutagenic,Binary (2 vs others),18,Catalyst,13,9,69.23076923076923,8.0,1.0,3.0,1.0
Mutagenic,Binary (2 vs others),18,Crosslinking_agent,21,18,85.71428571428571,17.0,1.0,2.0,1.0
Mutagenic,Binary (2 vs others),18,Initiator,5,5,100.0,5.0,0.0,0.0,0.0
Mutagenic,Binary (2 vs others),18,Other_Processing_Aids,61,51,83.60655737704919,50.0,3.0,7.0,1.0
Mutagenic,Binary (2 vs others),18,Plasticizer,13,9,69.23076923076923,9.0,2.0,2.0,0.0
Mutagenic,Binary (2 vs others),18,Monomer,14,11,78.57142857142857,11.0,2.0,1.0,0.0
Mutagenic,Binary (2 vs others),18,Intermediate,39,30,76.92307692307693,29.0,3.0,6.0,1.0
Mutagenic,Binary (2 vs others),18,Odor_Agent,7,4,57.14285714285714,4.0,0.0,3.0,0.0
Mutagenic,Binary (2 vs others),18,Solvent,4,3,75.0,3.0,0.0,1.0,0.0
Mutagenic,Binary (2 vs others),18,Biocide,24,20,83.33333333333334,18.0,2.0,2.0,2.0
Mutagenic,Binary (2 vs others),18,Flame_retardant,9,6,66.66666666666666,6.0,2.0,1.0,0.0
Mutagenic,Binary (2 vs others),18,Heat_stabilizer,6,5,83.33333333333334,5.0,1.0,0.0,0.0
Mutagenic,Binary (2 vs others),18,Lubricant,32,26,81.25,26.0,3.0,3.0,0.0
Mutagenic,Binary (2 vs others),18,Light_stabilizer,24,19,79.16666666666666,18.0,1.0,4.0,1.0
Mutagenic,Binary (2 vs others),18,Antistatic_agent,6,4,66.66666666666666,4.0,1.0,1.0,0.0
Mutagenic,Binary (2 vs others),18,Blowing_agent,2,1,50.0,1.0,1.0,0.0,0.0
Mutagenic,Binary (2 vs others),18,Stabilizer,1,1,100.0,1.0,0.0,0.0,0.0
Mutagenic,Binary (2 vs others),18,Viscosity_modifier,1,1,100.0,1.0,0.0,0.0,0.0
Mutagenic,Binary (2 vs others),18,Impact_modifier,1,1,100.0,1.0,0.0,0.0,0.0
Mutagenic,Binary (2 vs others),19,Odor_Agent,18,14,77.77777777777779,13.0,0.0,4.0,1.0
Mutagenic,Binary (2 vs others),19,Plasticizer,17,14,82.35294117647058,14.0,1.0,2.0,0.0
Mutagenic,Binary (2 vs others),19,Antioxidant,22,19,86.36363636363636,19.0,2.0,1.0,0.0
Mutagenic,Binary (2 vs others),19,Biocide,30,24,80.0,24.0,0.0,6.0,0.0
Mutagenic,Binary (2 vs others),19,Heat_stabilizer,7,7,100.0,7.0,0.0,0.0,0.0
Mutagenic,Binary (2 vs others),19,Lubricant,27,21,77.77777777777779,21.0,1.0,5.0,0.0
Mutagenic,Binary (2 vs others),19,Colorant,59,52,88.13559322033898,51.0,0.0,7.0,1.0
Mutagenic,Binary (2 vs others),19,Filler,29,25,86.20689655172413,25.0,0.0,4.0,0.0
Mutagenic,Binary (2 vs others),19,Other_Processing_Aids,58,49,84.48275862068965,48.0,2.0,7.0,1.0
Mutagenic,Binary (2 vs others),19,Intermediate,34,29,85.29411764705883,28.0,0.0,5.0,1.0
Mutagenic,Binary (2 vs others),19,Monomer,19,18,94.73684210526315,18.0,0.0,1.0,0.0
Mutagenic,Binary (2 vs others),19,Catalyst,18,16,88.88888888888889,14.0,0.0,2.0,2.0
Mutagenic,Binary (2 vs others),19,Crosslinking_agent,20,20,100.0,18.0,0.0,0.0,2.0
Mutagenic,Binary (2 vs others),19,NIAS,1,1,100.0,1.0,0.0,0.0,0.0
Mutagenic,Binary (2 vs others),19,Initiator,9,9,100.0,7.0,0.0,0.0,2.0
Mutagenic,Binary (2 vs others),19,Blowing_agent,2,2,100.0,2.0,0.0,0.0,0.0
Mutagenic,Binary (2 vs others),19,Flame_retardant,5,5,100.0,5.0,0.0,0.0,0.0
Mutagenic,Binary (2 vs others),19,Light_stabilizer,14,12,85.71428571428571,12.0,2.0,0.0,0.0
Mutagenic,Binary (2 vs others),19,Viscosity_modifier,3,1,33.33333333333333,1.0,1.0,1.0,0.0
Mutagenic,Binary (2 vs others),19,Antistatic_agent,4,4,100.0,4.0,0.0,0.0,0.0
Mutagenic,Binary (2 vs others),19,Solvent,1,1,100.0,1.0,0.0,0.0,0.0
Mutagenic,Binary (2 vs others),19,Impact_modifier,1,1,100.0,1.0,0.0,0.0,0.0
Mutagenic,Binary (2 vs others),20,Colorant,65,57,87.6923076923077,54.0,1.0,7.0,3.0
Mutagenic,Binary (2 vs others),20,Other_Processing_Aids,59,50,84.7457627118644,47.0,2.0,7.0,3.0
Mutagenic,Binary (2 vs others),20,Antioxidant,17,16,94.11764705882352,14.0,0.0,1.0,2.0
Mutagenic,Binary (2 vs others),20,Plasticizer,19,15,78.94736842105263,14.0,1.0,3.0,1.0
Mutagenic,Binary (2 vs others),20,Intermediate,39,34,87.17948717948718,33.0,0.0,5.0,1.0
Mutagenic,Binary (2 vs others),20,Lubricant,29,26,89.65517241379311,24.0,0.0,3.0,2.0
Mutagenic,Binary (2 vs others),20,Catalyst,23,19,82.6086956521739,17.0,1.0,3.0,2.0
Mutagenic,Binary (2 vs others),20,Filler,36,31,86.11111111111111,28.0,1.0,4.0,3.0
Mutagenic,Binary (2 vs others),20,Crosslinking_agent,20,18,90.0,15.0,1.0,1.0,3.0
Mutagenic,Binary (2 vs others),20,Initiator,9,8,88.88888888888889,7.0,1.0,0.0,1.0
Mutagenic,Binary (2 vs others),20,Monomer,16,16,100.0,16.0,0.0,0.0,0.0
Mutagenic,Binary (2 vs others),20,Solvent,3,3,100.0,3.0,0.0,0.0,0.0
Mutagenic,Binary (2 vs others),20,Biocide,21,20,95.23809523809523,19.0,0.0,1.0,1.0
Mutagenic,Binary (2 vs others),20,Odor_Agent,14,14,100.0,13.0,0.0,0.0,1.0
Mutagenic,Binary (2 vs others),20,Flame_retardant,2,2,100.0,2.0,0.0,0.0,0.0
Mutagenic,Binary (2 vs others),20,Heat_stabilizer,5,4,80.0,4.0,0.0,1.0,0.0
Mutagenic,Binary (2 vs others),20,Light_stabilizer,14,13,92.85714285714286,10.0,0.0,1.0,3.0
Mutagenic,Binary (2 vs others),20,Blowing_agent,3,2,66.66666666666666,2.0,0.0,1.0,0.0
Mutagenic,Binary (2 vs others),20,Antistatic_agent,2,1,50.0,1.0,0.0,1.0,0.0
Mutagenic,Binary (2 vs others),21,Antioxidant,16,14,87.5,13.0,1.0,1.0,1.0
Mutagenic,Binary (2 vs others),21,Light_stabilizer,16,14,87.5,12.0,1.0,1.0,2.0
Mutagenic,Binary (2 vs others),21,Other_Processing_Aids,64,49,76.5625,46.0,4.0,11.0,3.0
Mutagenic,Binary (2 vs others),21,Colorant,66,54,81.81818181818183,51.0,2.0,10.0,3.0
Mutagenic,Binary (2 vs others),21,Catalyst,21,16,76.19047619047619,15.0,1.0,4.0,1.0
Mutagenic,Binary (2 vs others),21,Initiator,9,6,66.66666666666666,5.0,1.0,2.0,1.0
Mutagenic,Binary (2 vs others),21,Monomer,12,9,75.0,9.0,2.0,1.0,0.0
Mutagenic,Binary (2 vs others),21,Intermediate,39,32,82.05128205128204,31.0,1.0,6.0,1.0
Mutagenic,Binary (2 vs others),21,Lubricant,41,33,80.48780487804879,31.0,1.0,7.0,2.0
Mutagenic,Binary (2 vs others),21,Plasticizer,19,16,84.21052631578947,15.0,1.0,2.0,1.0
Mutagenic,Binary (2 vs others),21,Crosslinking_agent,25,19,76.0,17.0,1.0,5.0,2.0
Mutagenic,Binary (2 vs others),21,Filler,40,32,80.0,29.0,1.0,7.0,3.0
Mutagenic,Binary (2 vs others),21,Biocide,29,24,82.75862068965517,23.0,1.0,4.0,1.0
Mutagenic,Binary (2 vs others),21,Odor_Agent,21,16,76.19047619047619,14.0,0.0,5.0,2.0
Mutagenic,Binary (2 vs others),21,Flame_retardant,7,5,71.42857142857143,5.0,1.0,1.0,0.0
Mutagenic,Binary (2 vs others),21,Impact_modifier,1,1,100.0,1.0,0.0,0.0,0.0
Mutagenic,Binary (2 vs others),21,Heat_stabilizer,6,6,100.0,6.0,0.0,0.0,0.0
Mutagenic,Binary (2 vs others),21,Viscosity_modifier,2,2,100.0,2.0,0.0,0.0,0.0
Mutagenic,Binary (2 vs others),21,Antistatic_agent,4,4,100.0,4.0,0.0,0.0,0.0
Mutagenic,Binary (2 vs others),21,Blowing_agent,3,3,100.0,3.0,0.0,0.0,0.0
Mutagenic,Binary (2 vs others),21,Unspecified_additive,1,1,100.0,1.0,0.0,0.0,0.0
Mutagenic,Binary (2 vs others),21,Solvent,2,2,100.0,2.0,0.0,0.0,0.0
Mutagenic,Binary (2 vs others),22,Colorant,68,58,85.29411764705883,56.0,2.0,8.0,2.0
Mutagenic,Binary (2 vs others),22,Intermediate,32,24,75.0,24.0,1.0,7.0,0.0
Mutagenic,Binary (2 vs others),22,Other_Processing_Aids,49,37,75.51020408163265,36.0,4.0,8.0,1.0
Mutagenic,Binary (2 vs others),22,Antioxidant,11,9,81.81818181818183,9.0,2.0,0.0,0.0
Mutagenic,Binary (2 vs others),22,Monomer,16,14,87.5,14.0,2.0,0.0,0.0
Mutagenic,Binary (2 vs others),22,Odor_Agent,11,11,100.0,10.0,0.0,0.0,1.0
Mutagenic,Binary (2 vs others),22,Biocide,21,19,90.47619047619048,18.0,0.0,2.0,1.0
Mutagenic,Binary (2 vs others),22,Filler,24,22,91.66666666666666,21.0,1.0,1.0,1.0
Mutagenic,Binary (2 vs others),22,Lubricant,23,19,82.6086956521739,18.0,2.0,2.0,1.0
Mutagenic,Binary (2 vs others),22,Light_stabilizer,19,16,84.21052631578947,16.0,3.0,0.0,0.0
Mutagenic,Binary (2 vs others),22,Blowing_agent,3,0,0.0,0.0,1.0,2.0,0.0
Mutagenic,Binary (2 vs others),22,Catalyst,13,10,76.92307692307693,10.0,1.0,2.0,0.0
Mutagenic,Binary (2 vs others),22,Crosslinking_agent,16,11,68.75,11.0,2.0,3.0,0.0
Mutagenic,Binary (2 vs others),22,Initiator,9,7,77.77777777777779,7.0,0.0,2.0,0.0
Mutagenic,Binary (2 vs others),22,Flame_retardant,9,5,55.55555555555556,5.0,2.0,2.0,0.0
Mutagenic,Binary (2 vs others),22,Plasticizer,18,14,77.77777777777779,14.0,3.0,1.0,0.0
Mutagenic,Binary (2 vs others),22,Viscosity_modifier,2,1,50.0,1.0,1.0,0.0,0.0
Mutagenic,Binary (2 vs others),22,Antistatic_agent,4,2,50.0,2.0,1.0,1.0,0.0
Mutagenic,Binary (2 vs others),22,Heat_stabilizer,7,7,100.0,7.0,0.0,0.0,0.0
Mutagenic,Binary (2 vs others),22,Solvent,2,2,100.0,2.0,0.0,0.0,0.0
Mutagenic,Binary (2 vs others),22,Unspecified_additive,1,1,100.0,1.0,0.0,0.0,0.0
Mutagenic,Binary (2 vs others),22,Surfactant,1,1,100.0,1.0,0.0,0.0,0.0
Mutagenic,Binary (2 vs others),23,Biocide,19,17,89.47368421052632,16.0,0.0,2.0,1.0
Mutagenic,Binary (2 vs others),23,Colorant,70,61,87.14285714285714,59.0,0.0,9.0,2.0
Mutagenic,Binary (2 vs others),23,Crosslinking_agent,19,15,78.94736842105263,14.0,0.0,4.0,1.0
Mutagenic,Binary (2 vs others),23,Filler,39,30,76.92307692307693,29.0,1.0,8.0,1.0
Mutagenic,Binary (2 vs others),23,Light_stabilizer,16,14,87.5,14.0,0.0,2.0,0.0
Mutagenic,Binary (2 vs others),23,Lubricant,25,19,76.0,18.0,0.0,6.0,1.0
Mutagenic,Binary (2 vs others),23,Odor_Agent,11,10,90.9090909090909,9.0,0.0,1.0,1.0
Mutagenic,Binary (2 vs others),23,Other_Processing_Aids,67,58,86.56716417910447,56.0,0.0,9.0,2.0
Mutagenic,Binary (2 vs others),23,Plasticizer,13,11,84.61538461538461,11.0,0.0,2.0,0.0
Mutagenic,Binary (2 vs others),23,Antioxidant,21,18,85.71428571428571,17.0,0.0,3.0,1.0
Mutagenic,Binary (2 vs others),23,Solvent,2,2,100.0,2.0,0.0,0.0,0.0
Mutagenic,Binary (2 vs others),23,Intermediate,39,35,89.74358974358975,33.0,0.0,4.0,2.0
Mutagenic,Binary (2 vs others),23,Catalyst,21,15,71.42857142857143,14.0,0.0,6.0,1.0
Mutagenic,Binary (2 vs others),23,Initiator,11,8,72.72727272727273,8.0,0.0,3.0,0.0
Mutagenic,Binary (2 vs others),23,Monomer,14,13,92.85714285714286,13.0,0.0,1.0,0.0
Mutagenic,Binary (2 vs others),23,Heat_stabilizer,4,4,100.0,4.0,0.0,0.0,0.0
Mutagenic,Binary (2 vs others),23,Surfactant,1,1,100.0,1.0,0.0,0.0,0.0
Mutagenic,Binary (2 vs others),23,Blowing_agent,3,1,33.33333333333333,1.0,0.0,2.0,0.0
Mutagenic,Binary (2 vs others),23,Flame_retardant,5,4,80.0,4.0,0.0,1.0,0.0
Mutagenic,Binary (2 vs others),23,Antistatic_agent,2,2,100.0,2.0,0.0,0.0,0.0
Mutagenic,Binary (2 vs others),23,Viscosity_modifier,2,1,50.0,1.0,0.0,1.0,0.0
Mutagenic,Binary (2 vs others),23,NIAS,2,2,100.0,2.0,0.0,0.0,0.0
Mutagenic,Binary (2 vs others),23,Unspecified_additive,1,1,100.0,1.0,0.0,0.0,0.0
Mutagenic,Binary (2 vs others),23,Impurity,1,1,100.0,1.0,0.0,0.0,0.0
Mutagenic,Binary (2 vs others),24,Colorant,71,59,83.09859154929578,57.0,4.0,8.0,2.0
Mutagenic,Binary (2 vs others),24,Catalyst,25,23,92.0,20.0,1.0,1.0,3.0
Mutagenic,Binary (2 vs others),24,Crosslinking_agent,27,23,85.18518518518519,20.0,1.0,3.0,3.0
Mutagenic,Binary (2 vs others),24,Initiator,11,11,100.0,9.0,0.0,0.0,2.0
Mutagenic,Binary (2 vs others),24,Intermediate,39,31,79.48717948717949,29.0,4.0,4.0,2.0
Mutagenic,Binary (2 vs others),24,Odor_Agent,20,16,80.0,14.0,0.0,4.0,2.0
Mutagenic,Binary (2 vs others),24,Other_Processing_Aids,59,47,79.66101694915254,44.0,3.0,9.0,3.0
Mutagenic,Binary (2 vs others),24,Biocide,24,18,75.0,17.0,2.0,4.0,1.0
Mutagenic,Binary (2 vs others),24,Plasticizer,17,13,76.47058823529412,13.0,1.0,3.0,0.0
Mutagenic,Binary (2 vs others),24,Antioxidant,21,15,71.42857142857143,14.0,2.0,4.0,1.0
Mutagenic,Binary (2 vs others),24,Light_stabilizer,21,16,76.19047619047619,15.0,1.0,4.0,1.0
Mutagenic,Binary (2 vs others),24,Flame_retardant,7,2,28.57142857142857,2.0,2.0,3.0,0.0
Mutagenic,Binary (2 vs others),24,Filler,38,29,76.31578947368422,28.0,2.0,7.0,1.0
Mutagenic,Binary (2 vs others),24,Antistatic_agent,5,4,80.0,4.0,1.0,0.0,0.0
Mutagenic,Binary (2 vs others),24,Monomer,15,12,80.0,12.0,2.0,1.0,0.0
Mutagenic,Binary (2 vs others),24,Lubricant,32,25,78.125,24.0,2.0,5.0,1.0
Mutagenic,Binary (2 vs others),24,Viscosity_modifier,3,2,66.66666666666666,2.0,0.0,1.0,0.0
Mutagenic,Binary (2 vs others),24,Blowing_agent,4,2,50.0,2.0,1.0,1.0,0.0
Mutagenic,Binary (2 vs others),24,Heat_stabilizer,8,7,87.5,7.0,1.0,0.0,0.0
Mutagenic,Binary (2 vs others),24,Impact_modifier,1,1,100.0,1.0,0.0,0.0,0.0
Mutagenic,Binary (2 vs others),24,Unspecified_additive,1,0,0.0,0.0,0.0,1.0,0.0
Mutagenic,Binary (2 vs others),24,Solvent,4,2,50.0,2.0,0.0,2.0,0.0
Mutagenic,Binary (2 vs others),25,Crosslinking_agent,19,17,89.47368421052632,17.0,0.0,2.0,0.0
Mutagenic,Binary (2 vs others),25,Monomer,18,18,100.0,18.0,0.0,0.0,0.0
Mutagenic,Binary (2 vs others),25,Other_Processing_Aids,58,51,87.93103448275862,50.0,0.0,7.0,1.0
Mutagenic,Binary (2 vs others),25,Colorant,60,52,86.66666666666667,50.0,1.0,7.0,2.0
Mutagenic,Binary (2 vs others),25,Flame_retardant,5,3,60.0,3.0,0.0,2.0,0.0
Mutagenic,Binary (2 vs others),25,Lubricant,19,16,84.21052631578947,16.0,0.0,3.0,0.0
Mutagenic,Binary (2 vs others),25,Intermediate,30,25,83.33333333333334,24.0,0.0,5.0,1.0
Mutagenic,Binary (2 vs others),25,Light_stabilizer,14,13,92.85714285714286,12.0,0.0,1.0,1.0
Mutagenic,Binary (2 vs others),25,Antioxidant,17,15,88.23529411764706,15.0,0.0,2.0,0.0
Mutagenic,Binary (2 vs others),25,Plasticizer,21,20,95.23809523809523,20.0,0.0,1.0,0.0
Mutagenic,Binary (2 vs others),25,Odor_Agent,13,12,92.3076923076923,12.0,0.0,1.0,0.0
Mutagenic,Binary (2 vs others),25,Biocide,18,17,94.44444444444444,17.0,0.0,1.0,0.0
Mutagenic,Binary (2 vs others),25,Blowing_agent,2,1,50.0,1.0,0.0,1.0,0.0
Mutagenic,Binary (2 vs others),25,Filler,23,21,91.30434782608695,20.0,0.0,2.0,1.0
Mutagenic,Binary (2 vs others),25,Antistatic_agent,3,2,66.66666666666666,2.0,0.0,1.0,0.0
Mutagenic,Binary (2 vs others),25,Catalyst,16,12,75.0,12.0,0.0,4.0,0.0
Mutagenic,Binary (2 vs others),25,Solvent,2,2,100.0,2.0,0.0,0.0,0.0
Mutagenic,Binary (2 vs others),25,Viscosity_modifier,3,3,100.0,3.0,0.0,0.0,0.0
Mutagenic,Binary (2 vs others),25,Initiator,9,8,88.88888888888889,8.0,0.0,1.0,0.0
Mutagenic,Binary (2 vs others),25,Heat_stabilizer,7,7,100.0,7.0,0.0,0.0,0.0
Mutagenic,Binary (2 vs others),25,Stabilizer,1,1,100.0,1.0,0.0,0.0,0.0
Mutagenic,Binary (2 vs others),26,Antioxidant,10,8,80.0,8.0,2.0,0.0,0.0
Mutagenic,Binary (2 vs others),26,Catalyst,16,10,62.5,10.0,3.0,3.0,0.0
Mutagenic,Binary (2 vs others),26,Light_stabilizer,18,16,88.88888888888889,14.0,2.0,0.0,2.0
Mutagenic,Binary (2 vs others),26,Lubricant,22,19,86.36363636363636,18.0,1.0,2.0,1.0
Mutagenic,Binary (2 vs others),26,Monomer,15,13,86.66666666666667,13.0,2.0,0.0,0.0
Mutagenic,Binary (2 vs others),26,Other_Processing_Aids,46,38,82.6086956521739,36.0,2.0,6.0,2.0
Mutagenic,Binary (2 vs others),26,Colorant,64,52,81.25,48.0,3.0,9.0,4.0
Mutagenic,Binary (2 vs others),26,Plasticizer,14,13,92.85714285714286,13.0,1.0,0.0,0.0
Mutagenic,Binary (2 vs others),26,Filler,25,21,84.0,20.0,2.0,2.0,1.0
Mutagenic,Binary (2 vs others),26,Odor_Agent,13,13,100.0,12.0,0.0,0.0,1.0
Mutagenic,Binary (2 vs others),26,Crosslinking_agent,20,15,75.0,14.0,3.0,2.0,1.0
Mutagenic,Binary (2 vs others),26,Initiator,10,7,70.0,7.0,1.0,2.0,0.0
Mutagenic,Binary (2 vs others),26,Intermediate,30,22,73.33333333333333,21.0,2.0,6.0,1.0
Mutagenic,Binary (2 vs others),26,Blowing_agent,6,3,50.0,3.0,1.0,2.0,0.0
Mutagenic,Binary (2 vs others),26,Antistatic_agent,7,5,71.42857142857143,5.0,2.0,0.0,0.0
Mutagenic,Binary (2 vs others),26,Biocide,14,13,92.85714285714286,13.0,0.0,1.0,0.0
Mutagenic,Binary (2 vs others),26,Flame_retardant,5,3,60.0,3.0,1.0,1.0,0.0
Mutagenic,Binary (2 vs others),26,NIAS,1,1,100.0,1.0,0.0,0.0,0.0
Mutagenic,Binary (2 vs others),26,Impurity,1,1,100.0,1.0,0.0,0.0,0.0
Mutagenic,Binary (2 vs others),26,Heat_stabilizer,2,2,100.0,2.0,0.0,0.0,0.0
Mutagenic,Binary (2 vs others),27,Solvent,4,3,75.0,3.0,0.0,1.0,0.0
Mutagenic,Binary (2 vs others),27,Biocide,28,23,82.14285714285714,21.0,0.0,5.0,2.0
Mutagenic,Binary (2 vs others),27,Catalyst,19,15,78.94736842105263,14.0,1.0,3.0,1.0
Mutagenic,Binary (2 vs others),27,Colorant,82,72,87.8048780487805,69.0,2.0,8.0,3.0
Mutagenic,Binary (2 vs others),27,Crosslinking_agent,24,21,87.5,19.0,1.0,2.0,2.0
Mutagenic,Binary (2 vs others),27,Filler,40,35,87.5,32.0,1.0,4.0,3.0
Mutagenic,Binary (2 vs others),27,Intermediate,35,30,85.71428571428571,29.0,1.0,4.0,1.0
Mutagenic,Binary (2 vs others),27,Lubricant,28,25,89.28571428571429,22.0,0.0,3.0,3.0
Mutagenic,Binary (2 vs others),27,Odor_Agent,21,17,80.95238095238095,14.0,0.0,4.0,3.0
Mutagenic,Binary (2 vs others),27,Other_Processing_Aids,64,50,78.125,46.0,5.0,9.0,4.0
Mutagenic,Binary (2 vs others),27,Plasticizer,14,10,71.42857142857143,10.0,1.0,3.0,0.0
Mutagenic,Binary (2 vs others),27,Light_stabilizer,24,21,87.5,20.0,0.0,3.0,1.0
Mutagenic,Binary (2 vs others),27,Antioxidant,15,13,86.66666666666667,12.0,0.0,2.0,1.0
Mutagenic,Binary (2 vs others),27,Monomer,14,13,92.85714285714286,13.0,1.0,0.0,0.0
Mutagenic,Binary (2 vs others),27,Flame_retardant,6,5,83.33333333333334,5.0,1.0,0.0,0.0
Mutagenic,Binary (2 vs others),27,Initiator,8,6,75.0,6.0,1.0,1.0,0.0
Mutagenic,Binary (2 vs others),27,Viscosity_modifier,3,2,66.66666666666666,2.0,0.0,1.0,0.0
Mutagenic,Binary (2 vs others),27,Heat_stabilizer,4,4,100.0,4.0,0.0,0.0,0.0
Mutagenic,Binary (2 vs others),27,Blowing_agent,1,1,100.0,1.0,0.0,0.0,0.0
Mutagenic,Binary (2 vs others),27,Antistatic_agent,2,1,50.0,1.0,0.0,1.0,0.0
Mutagenic,Binary (2 vs others),28,Catalyst,17,15,88.23529411764706,13.0,1.0,1.0,2.0
Mutagenic,Binary (2 vs others),28,Colorant,69,58,84.05797101449275,57.0,2.0,9.0,1.0
Mutagenic,Binary (2 vs others),28,Filler,31,27,87.09677419354838,27.0,1.0,3.0,0.0
Mutagenic,Binary (2 vs others),28,Lubricant,27,23,85.18518518518519,23.0,1.0,3.0,0.0
Mutagenic,Binary (2 vs others),28,Flame_retardant,9,6,66.66666666666666,6.0,0.0,3.0,0.0
Mutagenic,Binary (2 vs others),28,Intermediate,47,41,87.2340425531915,39.0,1.0,5.0,2.0
Mutagenic,Binary (2 vs others),28,Crosslinking_agent,25,21,84.0,20.0,0.0,4.0,1.0
Mutagenic,Binary (2 vs others),28,Initiator,10,8,80.0,7.0,1.0,1.0,1.0
Mutagenic,Binary (2 vs others),28,Biocide,20,17,85.0,16.0,1.0,2.0,1.0
Mutagenic,Binary (2 vs others),28,Other_Processing_Aids,69,57,82.6086956521739,55.0,2.0,10.0,2.0
Mutagenic,Binary (2 vs others),28,Antioxidant,14,14,100.0,13.0,0.0,0.0,1.0
Mutagenic,Binary (2 vs others),28,Blowing_agent,3,3,100.0,3.0,0.0,0.0,0.0
Mutagenic,Binary (2 vs others),28,Monomer,24,23,95.83333333333334,23.0,1.0,0.0,0.0
Mutagenic,Binary (2 vs others),28,Plasticizer,19,18,94.73684210526315,18.0,0.0,1.0,0.0
Mutagenic,Binary (2 vs others),28,Heat_stabilizer,4,4,100.0,4.0,0.0,0.0,0.0
Mutagenic,Binary (2 vs others),28,Light_stabilizer,19,17,89.47368421052632,16.0,0.0,2.0,1.0
Mutagenic,Binary (2 vs others),28,Odor_Agent,16,14,87.5,13.0,0.0,2.0,1.0
Mutagenic,Binary (2 vs others),28,NIAS,1,1,100.0,1.0,0.0,0.0,0.0
Mutagenic,Binary (2 vs others),28,Impurity,1,1,100.0,1.0,0.0,0.0,0.0
Mutagenic,Binary (2 vs others),28,Viscosity_modifier,2,2,100.0,2.0,0.0,0.0,0.0
Mutagenic,Binary (2 vs others),28,Solvent,3,2,66.66666666666666,2.0,0.0,1.0,0.0
Mutagenic,Binary (2 vs others),28,Antistatic_agent,7,6,85.71428571428571,6.0,0.0,1.0,0.0
Mutagenic,Binary (2 vs others),29,Intermediate,37,28,75.67567567567568,27.0,2.0,7.0,1.0
Mutagenic,Binary (2 vs others),29,Catalyst,24,20,83.33333333333334,19.0,2.0,2.0,1.0
Mutagenic,Binary (2 vs others),29,Crosslinking_agent,26,22,84.61538461538461,21.0,3.0,1.0,1.0
Mutagenic,Binary (2 vs others),29,Initiator,11,11,100.0,10.0,0.0,0.0,1.0
Mutagenic,Binary (2 vs others),29,Odor_Agent,11,9,81.81818181818183,9.0,1.0,1.0,0.0
Mutagenic,Binary (2 vs others),29,Colorant,59,51,86.4406779661017,49.0,2.0,6.0,2.0
Mutagenic,Binary (2 vs others),29,Filler,32,26,81.25,25.0,2.0,4.0,1.0
Mutagenic,Binary (2 vs others),29,Other_Processing_Aids,55,45,81.81818181818183,44.0,2.0,8.0,1.0
Mutagenic,Binary (2 vs others),29,Plasticizer,13,8,61.53846153846154,8.0,1.0,4.0,0.0
Mutagenic,Binary (2 vs others),29,Antioxidant,15,13,86.66666666666667,12.0,1.0,1.0,1.0
Mutagenic,Binary (2 vs others),29,Biocide,22,20,90.9090909090909,20.0,1.0,1.0,0.0
Mutagenic,Binary (2 vs others),29,Heat_stabilizer,5,4,80.0,4.0,0.0,1.0,0.0
Mutagenic,Binary (2 vs others),29,Lubricant,29,23,79.3103448275862,23.0,2.0,4.0,0.0
Mutagenic,Binary (2 vs others),29,Unspecified_additive,1,0,0.0,0.0,0.0,1.0,0.0
Mutagenic,Binary (2 vs others),29,Light_stabilizer,21,16,76.19047619047619,16.0,3.0,2.0,0.0
Mutagenic,Binary (2 vs others),29,Monomer,14,13,92.85714285714286,13.0,1.0,0.0,0.0
Mutagenic,Binary (2 vs others),29,Antistatic_agent,5,3,60.0,3.0,2.0,0.0,0.0
Mutagenic,Binary (2 vs others),29,Viscosity_modifier,2,1,50.0,1.0,1.0,0.0,0.0
Mutagenic,Binary (2 vs others),29,Flame_retardant,7,5,71.42857142857143,5.0,1.0,1.0,0.0
Mutagenic,Binary (2 vs others),29,Solvent,3,2,66.66666666666666,2.0,0.0,1.0,0.0
Mutagenic,Binary (2 vs others),29,NIAS,1,1,100.0,1.0,0.0,0.0,0.0
Mutagenic,Binary (2 vs others),29,Impurity,1,1,100.0,1.0,0.0,0.0,0.0
Mutagenic,Binary (2 vs others),29,Blowing_agent,2,1,50.0,1.0,1.0,0.0,0.0
Mutagenic,Binary (2 vs others),30,Colorant,82,69,84.14634146341463,67.0,2.0,11.0,2.0
Mutagenic,Binary (2 vs others),30,Other_Processing_Aids,62,52,83.87096774193549,52.0,2.0,8.0,0.0
Mutagenic,Binary (2 vs others),30,Antistatic_agent,6,4,66.66666666666666,4.0,1.0,1.0,0.0
Mutagenic,Binary (2 vs others),30,Crosslinking_agent,27,25,92.5925925925926,24.0,1.0,1.0,1.0
Mutagenic,Binary (2 vs others),30,Filler,34,29,85.29411764705883,29.0,1.0,4.0,0.0
Mutagenic,Binary (2 vs others),30,Plasticizer,25,20,80.0,20.0,2.0,3.0,0.0
Mutagenic,Binary (2 vs others),30,Light_stabilizer,21,15,71.42857142857143,15.0,2.0,4.0,0.0
Mutagenic,Binary (2 vs others),30,Odor_Agent,14,12,85.71428571428571,12.0,0.0,2.0,0.0
Mutagenic,Binary (2 vs others),30,Biocide,19,14,73.68421052631578,14.0,1.0,4.0,0.0
Mutagenic,Binary (2 vs others),30,Intermediate,45,38,84.44444444444444,37.0,2.0,5.0,1.0
Mutagenic,Binary (2 vs others),30,Lubricant,33,27,81.81818181818183,27.0,2.0,4.0,0.0
Mutagenic,Binary (2 vs others),30,Monomer,20,18,90.0,18.0,1.0,1.0,0.0
Mutagenic,Binary (2 vs others),30,Antioxidant,18,16,88.88888888888889,15.0,2.0,0.0,1.0
Mutagenic,Binary (2 vs others),30,Blowing_agent,4,3,75.0,3.0,1.0,0.0,0.0
Mutagenic,Binary (2 vs others),30,Flame_retardant,6,4,66.66666666666666,4.0,1.0,1.0,0.0
Mutagenic,Binary (2 vs others),30,Initiator,13,13,100.0,12.0,0.0,0.0,1.0
Mutagenic,Binary (2 vs others),30,Catalyst,24,22,91.66666666666666,21.0,1.0,1.0,1.0
Mutagenic,Binary (2 vs others),30,Viscosity_modifier,3,2,66.66666666666666,2.0,1.0,0.0,0.0
Mutagenic,Binary (2 vs others),30,Heat_stabilizer,7,6,85.71428571428571,6.0,0.0,1.0,0.0
Mutagenic,Binary (2 vs others),30,Solvent,2,2,100.0,2.0,0.0,0.0,0.0
Mutagenic,Binary (2 vs others),30,NIAS,1,1,100.0,1.0,0.0,0.0,0.0
Mutagenic,Binary (2 vs others),30,Stabilizer,1,1,100.0,1.0,0.0,0.0,0.0
Mutagenic,Binary (2 vs others),31,Colorant,76,63,82.89473684210526,62.0,3.0,10.0,1.0
Mutagenic,Binary (2 vs others),31,Intermediate,30,24,80.0,24.0,2.0,4.0,0.0
Mutagenic,Binary (2 vs others),31,Other_Processing_Aids,54,38,70.37037037037037,38.0,3.0,13.0,0.0
Mutagenic,Binary (2 vs others),31,Monomer,9,8,88.88888888888889,8.0,1.0,0.0,0.0
Mutagenic,Binary (2 vs others),31,Filler,29,21,72.41379310344827,21.0,2.0,6.0,0.0
Mutagenic,Binary (2 vs others),31,Lubricant,31,18,58.06451612903226,18.0,3.0,10.0,0.0
Mutagenic,Binary (2 vs others),31,Plasticizer,12,6,50.0,6.0,1.0,5.0,0.0
Mutagenic,Binary (2 vs others),31,Light_stabilizer,18,16,88.88888888888889,16.0,1.0,1.0,0.0
Mutagenic,Binary (2 vs others),31,Catalyst,16,10,62.5,10.0,0.0,6.0,0.0
Mutagenic,Binary (2 vs others),31,Biocide,21,14,66.66666666666666,14.0,3.0,4.0,0.0
Mutagenic,Binary (2 vs others),31,Antioxidant,18,13,72.22222222222221,13.0,1.0,4.0,0.0
Mutagenic,Binary (2 vs others),31,Heat_stabilizer,7,5,71.42857142857143,5.0,1.0,1.0,0.0
Mutagenic,Binary (2 vs others),31,Odor_Agent,12,9,75.0,9.0,0.0,3.0,0.0
Mutagenic,Binary (2 vs others),31,Flame_retardant,6,3,50.0,3.0,1.0,2.0,0.0
Mutagenic,Binary (2 vs others),31,Crosslinking_agent,11,7,63.63636363636363,7.0,1.0,3.0,0.0
Mutagenic,Binary (2 vs others),31,Initiator,5,3,60.0,3.0,0.0,2.0,0.0
Mutagenic,Binary (2 vs others),31,Viscosity_modifier,1,0,0.0,0.0,0.0,1.0,0.0
Mutagenic,Binary (2 vs others),31,Blowing_agent,2,0,0.0,0.0,0.0,2.0,0.0
Mutagenic,Binary (2 vs others),31,Solvent,3,3,100.0,3.0,0.0,0.0,0.0
Mutagenic,Binary (2 vs others),31,Antistatic_agent,1,1,100.0,1.0,0.0,0.0,0.0
Mutagenic,Binary (2 vs others),32,Antioxidant,15,10,66.66666666666666,10.0,2.0,3.0,0.0
Mutagenic,Binary (2 vs others),32,Light_stabilizer,17,13,76.47058823529412,13.0,1.0,3.0,0.0
Mutagenic,Binary (2 vs others),32,Other_Processing_Aids,68,55,80.88235294117648,52.0,1.0,12.0,3.0
Mutagenic,Binary (2 vs others),32,Colorant,78,64,82.05128205128204,61.0,3.0,11.0,3.0
Mutagenic,Binary (2 vs others),32,Heat_stabilizer,4,4,100.0,4.0,0.0,0.0,0.0
Mutagenic,Binary (2 vs others),32,Catalyst,16,14,87.5,13.0,0.0,2.0,1.0
Mutagenic,Binary (2 vs others),32,Crosslinking_agent,25,21,84.0,20.0,0.0,4.0,1.0
Mutagenic,Binary (2 vs others),32,Filler,40,32,80.0,31.0,0.0,8.0,1.0
Mutagenic,Binary (2 vs others),32,Lubricant,33,27,81.81818181818183,27.0,0.0,6.0,0.0
Mutagenic,Binary (2 vs others),32,Initiator,9,8,88.88888888888889,7.0,0.0,1.0,1.0
Mutagenic,Binary (2 vs others),32,Intermediate,48,38,79.16666666666666,36.0,1.0,9.0,2.0
Mutagenic,Binary (2 vs others),32,Odor_Agent,19,16,84.21052631578947,15.0,0.0,3.0,1.0
Mutagenic,Binary (2 vs others),32,Biocide,23,19,82.6086956521739,18.0,1.0,3.0,1.0
Mutagenic,Binary (2 vs others),32,Plasticizer,24,20,83.33333333333334,19.0,0.0,4.0,1.0
Mutagenic,Binary (2 vs others),32,Monomer,22,19,86.36363636363636,19.0,0.0,3.0,0.0
Mutagenic,Binary (2 vs others),32,Antistatic_agent,5,4,80.0,4.0,0.0,1.0,0.0
Mutagenic,Binary (2 vs others),32,Blowing_agent,3,2,66.66666666666666,2.0,0.0,1.0,0.0
Mutagenic,Binary (2 vs others),32,Flame_retardant,6,3,50.0,3.0,0.0,3.0,0.0
Mutagenic,Binary (2 vs others),32,Solvent,1,1,100.0,1.0,0.0,0.0,0.0
Mutagenic,Binary (2 vs others),32,Stabilizer,1,1,100.0,1.0,0.0,0.0,0.0
Mutagenic,Binary (2 vs others),33,Colorant,80,67,83.75,65.0,4.0,9.0,2.0
Mutagenic,Binary (2 vs others),33,Solvent,6,6,100.0,6.0,0.0,0.0,0.0
Mutagenic,Binary (2 vs others),33,Filler,34,26,76.47058823529412,25.0,3.0,5.0,1.0
Mutagenic,Binary (2 vs others),33,Other_Processing_Aids,65,50,76.92307692307693,48.0,6.0,9.0,2.0
Mutagenic,Binary (2 vs others),33,Plasticizer,23,17,73.91304347826086,17.0,3.0,3.0,0.0
Mutagenic,Binary (2 vs others),33,Intermediate,44,35,79.54545454545455,34.0,4.0,5.0,1.0
Mutagenic,Binary (2 vs others),33,Crosslinking_agent,28,22,78.57142857142857,20.0,3.0,3.0,2.0
Mutagenic,Binary (2 vs others),33,Lubricant,29,22,75.86206896551724,21.0,3.0,4.0,1.0
Mutagenic,Binary (2 vs others),33,Monomer,15,12,80.0,12.0,2.0,1.0,0.0
Mutagenic,Binary (2 vs others),33,Odor_Agent,13,12,92.3076923076923,12.0,0.0,1.0,0.0
Mutagenic,Binary (2 vs others),33,Antistatic_agent,4,2,50.0,2.0,1.0,1.0,0.0
Mutagenic,Binary (2 vs others),33,Biocide,25,22,88.0,22.0,2.0,1.0,0.0
Mutagenic,Binary (2 vs others),33,Light_stabilizer,17,13,76.47058823529412,13.0,2.0,2.0,0.0
Mutagenic,Binary (2 vs others),33,Viscosity_modifier,2,2,100.0,2.0,0.0,0.0,0.0
Mutagenic,Binary (2 vs others),33,Catalyst,20,14,70.0,12.0,3.0,3.0,2.0
Mutagenic,Binary (2 vs others),33,Initiator,13,10,76.92307692307693,8.0,1.0,2.0,2.0
Mutagenic,Binary (2 vs others),33,Heat_stabilizer,5,3,60.0,3.0,1.0,1.0,0.0
Mutagenic,Binary (2 vs others),33,Antioxidant,11,8,72.72727272727273,7.0,2.0,1.0,1.0
Mutagenic,Binary (2 vs others),33,Flame_retardant,8,5,62.5,5.0,2.0,1.0,0.0
Mutagenic,Binary (2 vs others),33,Blowing_agent,2,0,0.0,0.0,1.0,1.0,0.0
Mutagenic,Binary (2 vs others),33,Stabilizer,1,1,100.0,1.0,0.0,0.0,0.0
Mutagenic,Binary (2 vs others),34,Colorant,73,62,84.93150684931507,60.0,1.0,10.0,2.0
Mutagenic,Binary (2 vs others),34,Filler,34,29,85.29411764705883,27.0,0.0,5.0,2.0
Mutagenic,Binary (2 vs others),34,Intermediate,39,31,79.48717948717949,30.0,0.0,8.0,1.0
Mutagenic,Binary (2 vs others),34,Other_Processing_Aids,58,46,79.3103448275862,43.0,0.0,12.0,3.0
Mutagenic,Binary (2 vs others),34,Antioxidant,13,11,84.61538461538461,10.0,0.0,2.0,1.0
Mutagenic,Binary (2 vs others),34,Biocide,18,14,77.77777777777779,13.0,0.0,4.0,1.0
Mutagenic,Binary (2 vs others),34,Crosslinking_agent,24,18,75.0,16.0,0.0,6.0,2.0
Mutagenic,Binary (2 vs others),34,Heat_stabilizer,4,3,75.0,3.0,0.0,1.0,0.0
Mutagenic,Binary (2 vs others),34,Light_stabilizer,13,11,84.61538461538461,11.0,0.0,2.0,0.0
Mutagenic,Binary (2 vs others),34,Lubricant,31,23,74.19354838709677,22.0,0.0,8.0,1.0
Mutagenic,Binary (2 vs others),34,Plasticizer,16,14,87.5,14.0,0.0,2.0,0.0
Mutagenic,Binary (2 vs others),34,Solvent,3,3,100.0,3.0,0.0,0.0,0.0
Mutagenic,Binary (2 vs others),34,Catalyst,17,13,76.47058823529412,11.0,0.0,4.0,2.0
Mutagenic,Binary (2 vs others),34,Initiator,11,9,81.81818181818183,8.0,0.0,2.0,1.0
Mutagenic,Binary (2 vs others),34,Monomer,9,9,100.0,9.0,0.0,0.0,0.0
Mutagenic,Binary (2 vs others),34,Odor_Agent,10,7,70.0,6.0,0.0,3.0,1.0
Mutagenic,Binary (2 vs others),34,Blowing_agent,1,0,0.0,0.0,0.0,1.0,0.0
Mutagenic,Binary (2 vs others),34,Viscosity_modifier,1,1,100.0,1.0,0.0,0.0,0.0
Mutagenic,Binary (2 vs others),34,NIAS,3,2,66.66666666666666,2.0,1.0,0.0,0.0
Mutagenic,Binary (2 vs others),34,Impurity,2,1,50.0,1.0,1.0,0.0,0.0
Mutagenic,Binary (2 vs others),34,Flame_retardant,3,2,66.66666666666666,2.0,0.0,1.0,0.0
Mutagenic,Binary (2 vs others),34,Antistatic_agent,2,2,100.0,2.0,0.0,0.0,0.0
Mutagenic,Binary (2 vs others),35,Colorant,70,61,87.14285714285714,58.0,3.0,6.0,3.0
Mutagenic,Binary (2 vs others),35,Filler,28,25,89.28571428571429,25.0,2.0,1.0,0.0
Mutagenic,Binary (2 vs others),35,Intermediate,35,32,91.42857142857143,30.0,1.0,2.0,2.0
Mutagenic,Binary (2 vs others),35,Lubricant,23,21,91.30434782608695,21.0,1.0,1.0,0.0
Mutagenic,Binary (2 vs others),35,Monomer,14,12,85.71428571428571,12.0,1.0,1.0,0.0
Mutagenic,Binary (2 vs others),35,Other_Processing_Aids,47,40,85.1063829787234,39.0,2.0,5.0,1.0
Mutagenic,Binary (2 vs others),35,Plasticizer,10,9,90.0,9.0,1.0,0.0,0.0
Mutagenic,Binary (2 vs others),35,Biocide,21,19,90.47619047619048,19.0,0.0,2.0,0.0
Mutagenic,Binary (2 vs others),35,Odor_Agent,14,11,78.57142857142857,11.0,0.0,3.0,0.0
Mutagenic,Binary (2 vs others),35,Antioxidant,13,11,84.61538461538461,11.0,2.0,0.0,0.0
Mutagenic,Binary (2 vs others),35,Light_stabilizer,16,12,75.0,11.0,1.0,3.0,1.0
Mutagenic,Binary (2 vs others),35,Catalyst,15,11,73.33333333333333,11.0,1.0,3.0,0.0
Mutagenic,Binary (2 vs others),35,Solvent,3,3,100.0,3.0,0.0,0.0,0.0
Mutagenic,Binary (2 vs others),35,Flame_retardant,8,6,75.0,6.0,1.0,1.0,0.0
Mutagenic,Binary (2 vs others),35,Crosslinking_agent,11,10,90.9090909090909,10.0,1.0,0.0,0.0
Mutagenic,Binary (2 vs others),35,Initiator,3,3,100.0,3.0,0.0,0.0,0.0
Mutagenic,Binary (2 vs others),35,Antistatic_agent,3,2,66.66666666666666,2.0,1.0,0.0,0.0
Mutagenic,Binary (2 vs others),35,Blowing_agent,2,1,50.0,1.0,1.0,0.0,0.0
Mutagenic,Binary (2 vs others),35,Surfactant,1,1,100.0,1.0,0.0,0.0,0.0
Mutagenic,Binary (2 vs others),35,Stabilizer,1,1,100.0,1.0,0.0,0.0,0.0
Mutagenic,Binary (2 vs others),35,Impact_modifier,1,1,100.0,1.0,0.0,0.0,0.0
Mutagenic,Binary (2 vs others),35,Heat_stabilizer,1,1,100.0,1.0,0.0,0.0,0.0
Mutagenic,Binary (2 vs others),36,Blowing_agent,3,2,66.66666666666666,2.0,0.0,1.0,0.0
Mutagenic,Binary (2 vs others),36,Catalyst,18,15,83.33333333333334,14.0,0.0,3.0,1.0
Mutagenic,Binary (2 vs others),36,Colorant,77,67,87.01298701298701,66.0,2.0,8.0,1.0
Mutagenic,Binary (2 vs others),36,Crosslinking_agent,26,22,84.61538461538461,21.0,1.0,3.0,1.0
Mutagenic,Binary (2 vs others),36,Initiator,8,6,75.0,6.0,0.0,2.0,0.0
Mutagenic,Binary (2 vs others),36,Lubricant,36,30,83.33333333333334,30.0,2.0,4.0,0.0
Mutagenic,Binary (2 vs others),36,Other_Processing_Aids,74,61,82.43243243243244,61.0,2.0,11.0,0.0
Mutagenic,Binary (2 vs others),36,Filler,40,32,80.0,32.0,1.0,7.0,0.0
Mutagenic,Binary (2 vs others),36,Plasticizer,22,18,81.81818181818183,18.0,1.0,3.0,0.0
Mutagenic,Binary (2 vs others),36,Odor_Agent,14,12,85.71428571428571,12.0,0.0,2.0,0.0
Mutagenic,Binary (2 vs others),36,Intermediate,40,33,82.5,32.0,1.0,6.0,1.0
Mutagenic,Binary (2 vs others),36,Antistatic_agent,7,7,100.0,7.0,0.0,0.0,0.0
Mutagenic,Binary (2 vs others),36,Flame_retardant,2,2,100.0,2.0,0.0,0.0,0.0
Mutagenic,Binary (2 vs others),36,Biocide,21,18,85.71428571428571,17.0,2.0,1.0,1.0
Mutagenic,Binary (2 vs others),36,Monomer,16,14,87.5,14.0,0.0,2.0,0.0
Mutagenic,Binary (2 vs others),36,Light_stabilizer,22,20,90.9090909090909,19.0,1.0,1.0,1.0
Mutagenic,Binary (2 vs others),36,Solvent,2,2,100.0,2.0,0.0,0.0,0.0
Mutagenic,Binary (2 vs others),36,Antioxidant,16,15,93.75,14.0,0.0,1.0,1.0
Mutagenic,Binary (2 vs others),36,Heat_stabilizer,4,4,100.0,4.0,0.0,0.0,0.0
Mutagenic,Binary (2 vs others),36,Viscosity_modifier,1,1,100.0,1.0,0.0,0.0,0.0
Mutagenic,Binary (2 vs others),36,NIAS,1,1,100.0,1.0,0.0,0.0,0.0
Mutagenic,Binary (2 vs others),36,Impurity,1,1,100.0,1.0,0.0,0.0,0.0
Mutagenic,Binary (2 vs others),37,Catalyst,19,17,89.47368421052632,15.0,0.0,2.0,2.0
Mutagenic,Binary (2 vs others),37,Crosslinking_agent,16,15,93.75,13.0,0.0,1.0,2.0
Mutagenic,Binary (2 vs others),37,Initiator,9,8,88.88888888888889,7.0,0.0,1.0,1.0
Mutagenic,Binary (2 vs others),37,Colorant,60,55,91.66666666666666,54.0,1.0,4.0,1.0
Mutagenic,Binary (2 vs others),37,Filler,28,25,89.28571428571429,25.0,1.0,2.0,0.0
Mutagenic,Binary (2 vs others),37,Intermediate,30,26,86.66666666666667,25.0,0.0,4.0,1.0
Mutagenic,Binary (2 vs others),37,Odor_Agent,11,11,100.0,11.0,0.0,0.0,0.0
Mutagenic,Binary (2 vs others),37,Other_Processing_Aids,52,45,86.53846153846155,45.0,2.0,5.0,0.0
Mutagenic,Binary (2 vs others),37,Lubricant,19,16,84.21052631578947,16.0,2.0,1.0,0.0
Mutagenic,Binary (2 vs others),37,Biocide,21,19,90.47619047619048,18.0,1.0,1.0,1.0
Mutagenic,Binary (2 vs others),37,Monomer,15,13,86.66666666666667,13.0,0.0,2.0,0.0
Mutagenic,Binary (2 vs others),37,Plasticizer,18,14,77.77777777777779,14.0,1.0,3.0,0.0
Mutagenic,Binary (2 vs others),37,Flame_retardant,5,3,60.0,3.0,0.0,2.0,0.0
Mutagenic,Binary (2 vs others),37,Antistatic_agent,2,2,100.0,2.0,0.0,0.0,0.0
Mutagenic,Binary (2 vs others),37,Antioxidant,13,10,76.92307692307693,9.0,1.0,2.0,1.0
Mutagenic,Binary (2 vs others),37,Light_stabilizer,15,13,86.66666666666667,12.0,1.0,1.0,1.0
Mutagenic,Binary (2 vs others),37,Heat_stabilizer,2,2,100.0,2.0,0.0,0.0,0.0
Mutagenic,Binary (2 vs others),37,Blowing_agent,1,1,100.0,1.0,0.0,0.0,0.0
Mutagenic,Binary (2 vs others),37,Solvent,2,2,100.0,2.0,0.0,0.0,0.0
Mutagenic,Binary (2 vs others),37,Viscosity_modifier,2,1,50.0,1.0,1.0,0.0,0.0
Mutagenic,Binary (2 vs others),37,Surfactant,1,1,100.0,1.0,0.0,0.0,0.0
Mutagenic,Binary (2 vs others),37,Stabilizer,1,1,100.0,1.0,0.0,0.0,0.0
Mutagenic,Binary (2 vs others),38,Biocide,25,22,88.0,21.0,0.0,3.0,1.0
Mutagenic,Binary (2 vs others),38,Colorant,73,63,86.3013698630137,56.0,3.0,7.0,7.0
Mutagenic,Binary (2 vs others),38,Filler,32,25,78.125,25.0,1.0,6.0,0.0
Mutagenic,Binary (2 vs others),38,Intermediate,42,36,85.71428571428571,32.0,1.0,5.0,4.0
Mutagenic,Binary (2 vs others),38,Lubricant,31,27,87.09677419354838,27.0,1.0,3.0,0.0
Mutagenic,Binary (2 vs others),38,Odor_Agent,21,19,90.47619047619048,18.0,0.0,2.0,1.0
Mutagenic,Binary (2 vs others),38,Other_Processing_Aids,57,49,85.96491228070175,47.0,1.0,7.0,2.0
Mutagenic,Binary (2 vs others),38,Plasticizer,18,15,83.33333333333334,15.0,1.0,2.0,0.0
Mutagenic,Binary (2 vs others),38,Monomer,16,14,87.5,14.0,1.0,1.0,0.0
Mutagenic,Binary (2 vs others),38,Antioxidant,18,16,88.88888888888889,15.0,1.0,1.0,1.0
Mutagenic,Binary (2 vs others),38,Catalyst,21,19,90.47619047619048,17.0,1.0,1.0,2.0
Mutagenic,Binary (2 vs others),38,Crosslinking_agent,22,20,90.9090909090909,18.0,1.0,1.0,2.0
Mutagenic,Binary (2 vs others),38,Flame_retardant,7,4,57.14285714285714,4.0,1.0,2.0,0.0
Mutagenic,Binary (2 vs others),38,Initiator,7,7,100.0,6.0,0.0,0.0,1.0
Mutagenic,Binary (2 vs others),38,Light_stabilizer,28,25,89.28571428571429,23.0,1.0,2.0,2.0
Mutagenic,Binary (2 vs others),38,Blowing_agent,4,2,50.0,2.0,1.0,1.0,0.0
Mutagenic,Binary (2 vs others),38,Heat_stabilizer,10,10,100.0,10.0,0.0,0.0,0.0
Mutagenic,Binary (2 vs others),38,Viscosity_modifier,3,3,100.0,3.0,0.0,0.0,0.0
Mutagenic,Binary (2 vs others),38,Antistatic_agent,5,3,60.0,3.0,1.0,1.0,0.0
Mutagenic,Binary (2 vs others),38,NIAS,1,1,100.0,1.0,0.0,0.0,0.0
Mutagenic,Binary (2 vs others),39,Catalyst,18,15,83.33333333333334,13.0,2.0,1.0,2.0
Mutagenic,Binary (2 vs others),39,Crosslinking_agent,25,19,76.0,18.0,3.0,3.0,1.0
Mutagenic,Binary (2 vs others),39,Initiator,10,8,80.0,7.0,1.0,1.0,1.0
Mutagenic,Binary (2 vs others),39,Colorant,62,54,87.09677419354838,50.0,2.0,6.0,4.0
Mutagenic,Binary (2 vs others),39,Filler,28,23,82.14285714285714,22.0,2.0,3.0,1.0
Mutagenic,Binary (2 vs others),39,Lubricant,19,15,78.94736842105263,15.0,1.0,3.0,0.0
Mutagenic,Binary (2 vs others),39,Other_Processing_Aids,51,43,84.31372549019608,41.0,3.0,5.0,2.0
Mutagenic,Binary (2 vs others),39,Antioxidant,16,14,87.5,12.0,1.0,1.0,2.0
Mutagenic,Binary (2 vs others),39,Intermediate,32,28,87.5,26.0,1.0,3.0,2.0
Mutagenic,Binary (2 vs others),39,Monomer,21,18,85.71428571428571,18.0,1.0,2.0,0.0
Mutagenic,Binary (2 vs others),39,Heat_stabilizer,10,9,90.0,9.0,0.0,1.0,0.0
Mutagenic,Binary (2 vs others),39,Light_stabilizer,22,19,86.36363636363636,18.0,1.0,2.0,1.0
Mutagenic,Binary (2 vs others),39,Flame_retardant,9,7,77.77777777777779,7.0,1.0,1.0,0.0
Mutagenic,Binary (2 vs others),39,Blowing_agent,2,1,50.0,1.0,1.0,0.0,0.0
Mutagenic,Binary (2 vs others),39,Plasticizer,19,15,78.94736842105263,14.0,2.0,2.0,1.0
Mutagenic,Binary (2 vs others),39,Antistatic_agent,6,5,83.33333333333334,5.0,1.0,0.0,0.0
Mutagenic,Binary (2 vs others),39,Biocide,14,13,92.85714285714286,12.0,0.0,1.0,1.0
Mutagenic,Binary (2 vs others),39,Odor_Agent,16,13,81.25,13.0,0.0,3.0,0.0
Mutagenic,Binary (2 vs others),39,Solvent,4,3,75.0,3.0,0.0,1.0,0.0
Mutagenic,Binary (2 vs others),39,Viscosity_modifier,3,3,100.0,3.0,0.0,0.0,0.0
Mutagenic,Binary (2 vs others),40,Colorant,68,62,91.17647058823529,59.0,0.0,6.0,3.0
Mutagenic,Binary (2 vs others),40,Crosslinking_agent,21,19,90.47619047619048,17.0,0.0,2.0,2.0
Mutagenic,Binary (2 vs others),40,Intermediate,43,37,86.04651162790698,35.0,1.0,5.0,2.0
Mutagenic,Binary (2 vs others),40,Lubricant,42,39,92.85714285714286,38.0,0.0,3.0,1.0
Mutagenic,Binary (2 vs others),40,Other_Processing_Aids,70,62,88.57142857142857,58.0,1.0,7.0,4.0
Mutagenic,Binary (2 vs others),40,Initiator,12,11,91.66666666666666,9.0,0.0,1.0,2.0
Mutagenic,Binary (2 vs others),40,Antioxidant,16,15,93.75,15.0,0.0,1.0,0.0
Mutagenic,Binary (2 vs others),40,Heat_stabilizer,6,5,83.33333333333334,5.0,0.0,1.0,0.0
Mutagenic,Binary (2 vs others),40,Light_stabilizer,18,17,94.44444444444444,16.0,0.0,1.0,1.0
Mutagenic,Binary (2 vs others),40,Filler,36,34,94.44444444444444,32.0,0.0,2.0,2.0
Mutagenic,Binary (2 vs others),40,Monomer,16,15,93.75,15.0,0.0,1.0,0.0
Mutagenic,Binary (2 vs others),40,Solvent,3,3,100.0,3.0,0.0,0.0,0.0
Mutagenic,Binary (2 vs others),40,Plasticizer,19,16,84.21052631578947,15.0,0.0,3.0,1.0
Mutagenic,Binary (2 vs others),40,Biocide,20,18,90.0,18.0,0.0,2.0,0.0
Mutagenic,Binary (2 vs others),40,Odor_Agent,17,15,88.23529411764706,14.0,1.0,1.0,1.0
Mutagenic,Binary (2 vs others),40,Catalyst,17,15,88.23529411764706,13.0,0.0,2.0,2.0
Mutagenic,Binary (2 vs others),40,Viscosity_modifier,3,3,100.0,3.0,0.0,0.0,0.0
Mutagenic,Binary (2 vs others),40,Antistatic_agent,5,4,80.0,4.0,0.0,1.0,0.0
Mutagenic,Binary (2 vs others),40,Flame_retardant,7,5,71.42857142857143,5.0,0.0,2.0,0.0
Mutagenic,Binary (2 vs others),40,Blowing_agent,1,1,100.0,1.0,0.0,0.0,0.0
Mutagenic,Binary (2 vs others),41,Colorant,65,52,80.0,48.0,2.0,11.0,4.0
Mutagenic,Binary (2 vs others),41,Lubricant,29,22,75.86206896551724,21.0,2.0,5.0,1.0
Mutagenic,Binary (2 vs others),41,Light_stabilizer,20,16,80.0,15.0,2.0,2.0,1.0
Mutagenic,Binary (2 vs others),41,Antioxidant,23,20,86.95652173913044,19.0,1.0,2.0,1.0
Mutagenic,Binary (2 vs others),41,Biocide,24,21,87.5,20.0,1.0,2.0,1.0
Mutagenic,Binary (2 vs others),41,Monomer,19,15,78.94736842105263,15.0,0.0,4.0,0.0
Mutagenic,Binary (2 vs others),41,Odor_Agent,16,12,75.0,11.0,1.0,3.0,1.0
Mutagenic,Binary (2 vs others),41,Crosslinking_agent,26,22,84.61538461538461,21.0,1.0,3.0,1.0
Mutagenic,Binary (2 vs others),41,Flame_retardant,6,3,50.0,3.0,0.0,3.0,0.0
Mutagenic,Binary (2 vs others),41,Intermediate,41,30,73.17073170731707,29.0,1.0,10.0,1.0
Mutagenic,Binary (2 vs others),41,Other_Processing_Aids,65,50,76.92307692307693,47.0,3.0,12.0,3.0
Mutagenic,Binary (2 vs others),41,Catalyst,16,12,75.0,11.0,1.0,3.0,1.0
Mutagenic,Binary (2 vs others),41,Filler,36,28,77.77777777777779,25.0,1.0,7.0,3.0
Mutagenic,Binary (2 vs others),41,Plasticizer,21,16,76.19047619047619,15.0,1.0,4.0,1.0
Mutagenic,Binary (2 vs others),41,Initiator,11,9,81.81818181818183,8.0,0.0,2.0,1.0
Mutagenic,Binary (2 vs others),41,Heat_stabilizer,9,8,88.88888888888889,8.0,0.0,1.0,0.0
Mutagenic,Binary (2 vs others),41,Antistatic_agent,3,2,66.66666666666666,2.0,1.0,0.0,0.0
Mutagenic,Binary (2 vs others),41,Viscosity_modifier,4,2,50.0,2.0,2.0,0.0,0.0
Mutagenic,Binary (2 vs others),41,Solvent,4,3,75.0,3.0,0.0,1.0,0.0
Mutagenic,Binary (2 vs others),41,NIAS,1,1,100.0,1.0,0.0,0.0,0.0
Mutagenic,Binary (2 vs others),41,Impurity,1,1,100.0,1.0,0.0,0.0,0.0
Mutagenic,Binary (2 vs others),41,Unspecified_additive,1,1,100.0,1.0,0.0,0.0,0.0
Mutagenic,Binary (2 vs others),42,Catalyst,22,18,81.81818181818183,16.0,2.0,2.0,2.0
Mutagenic,Binary (2 vs others),42,Colorant,62,55,88.70967741935483,53.0,2.0,5.0,2.0
Mutagenic,Binary (2 vs others),42,Filler,35,29,82.85714285714286,29.0,1.0,5.0,0.0
Mutagenic,Binary (2 vs others),42,Flame_retardant,6,2,33.33333333333333,2.0,1.0,3.0,0.0
Mutagenic,Binary (2 vs others),42,Intermediate,41,34,82.92682926829268,32.0,2.0,5.0,2.0
Mutagenic,Binary (2 vs others),42,Lubricant,30,24,80.0,24.0,2.0,4.0,0.0
Mutagenic,Binary (2 vs others),42,Other_Processing_Aids,58,47,81.03448275862068,47.0,3.0,8.0,0.0
Mutagenic,Binary (2 vs others),42,Plasticizer,19,12,63.1578947368421,12.0,3.0,4.0,0.0
Mutagenic,Binary (2 vs others),42,Crosslinking_agent,26,21,80.76923076923077,20.0,3.0,2.0,1.0
Mutagenic,Binary (2 vs others),42,Initiator,13,12,92.3076923076923,11.0,1.0,0.0,1.0
Mutagenic,Binary (2 vs others),42,Antioxidant,15,12,80.0,11.0,1.0,2.0,1.0
Mutagenic,Binary (2 vs others),42,Heat_stabilizer,3,3,100.0,3.0,0.0,0.0,0.0
Mutagenic,Binary (2 vs others),42,Light_stabilizer,18,13,72.22222222222221,12.0,2.0,3.0,1.0
Mutagenic,Binary (2 vs others),42,Monomer,25,23,92.0,23.0,1.0,1.0,0.0
Mutagenic,Binary (2 vs others),42,Biocide,21,17,80.95238095238095,17.0,1.0,3.0,0.0
Mutagenic,Binary (2 vs others),42,Odor_Agent,18,15,83.33333333333334,15.0,0.0,3.0,0.0
Mutagenic,Binary (2 vs others),42,Antistatic_agent,6,4,66.66666666666666,4.0,1.0,1.0,0.0
Mutagenic,Binary (2 vs others),42,Solvent,5,3,60.0,3.0,0.0,2.0,0.0
Mutagenic,Binary (2 vs others),42,Blowing_agent,1,0,0.0,0.0,1.0,0.0,0.0
Mutagenic,Binary (2 vs others),42,Viscosity_modifier,2,2,100.0,2.0,0.0,0.0,0.0
Mutagenic,Binary (2 vs others),43,Colorant,66,57,86.36363636363636,55.0,3.0,6.0,2.0
Mutagenic,Binary (2 vs others),43,Light_stabilizer,20,17,85.0,16.0,1.0,2.0,1.0
Mutagenic,Binary (2 vs others),43,Lubricant,27,21,77.77777777777779,20.0,1.0,5.0,1.0
Mutagenic,Binary (2 vs others),43,Intermediate,34,27,79.41176470588235,25.0,2.0,5.0,2.0
Mutagenic,Binary (2 vs others),43,Biocide,19,15,78.94736842105263,15.0,2.0,2.0,0.0
Mutagenic,Binary (2 vs others),43,Filler,31,26,83.87096774193549,25.0,2.0,3.0,1.0
Mutagenic,Binary (2 vs others),43,Odor_Agent,19,15,78.94736842105263,14.0,1.0,3.0,1.0
Mutagenic,Binary (2 vs others),43,Other_Processing_Aids,55,46,83.63636363636363,44.0,2.0,7.0,2.0
Mutagenic,Binary (2 vs others),43,Plasticizer,19,15,78.94736842105263,15.0,0.0,4.0,0.0
Mutagenic,Binary (2 vs others),43,Antioxidant,17,15,88.23529411764706,14.0,0.0,2.0,1.0
Mutagenic,Binary (2 vs others),43,Antistatic_agent,8,6,75.0,6.0,1.0,1.0,0.0
Mutagenic,Binary (2 vs others),43,Catalyst,20,16,80.0,14.0,1.0,3.0,2.0
Mutagenic,Binary (2 vs others),43,Crosslinking_agent,16,13,81.25,10.0,1.0,2.0,3.0
Mutagenic,Binary (2 vs others),43,Monomer,17,15,88.23529411764706,15.0,0.0,2.0,0.0
Mutagenic,Binary (2 vs others),43,Blowing_agent,2,2,100.0,2.0,0.0,0.0,0.0
Mutagenic,Binary (2 vs others),43,Flame_retardant,4,4,100.0,4.0,0.0,0.0,0.0
Mutagenic,Binary (2 vs others),43,Viscosity_modifier,3,1,33.33333333333333,1.0,1.0,1.0,0.0
Mutagenic,Binary (2 vs others),43,Initiator,9,7,77.77777777777779,5.0,0.0,2.0,2.0
Mutagenic,Binary (2 vs others),43,Stabilizer,1,1,100.0,1.0,0.0,0.0,0.0
Mutagenic,Binary (2 vs others),43,Heat_stabilizer,7,7,100.0,7.0,0.0,0.0,0.0
Mutagenic,Binary (2 vs others),43,Solvent,4,4,100.0,4.0,0.0,0.0,0.0
Mutagenic,Binary (2 vs others),44,Intermediate,43,35,81.3953488372093,33.0,1.0,7.0,2.0
Mutagenic,Binary (2 vs others),44,Monomer,13,12,92.3076923076923,12.0,0.0,1.0,0.0
Mutagenic,Binary (2 vs others),44,Antioxidant,21,18,85.71428571428571,18.0,1.0,2.0,0.0
Mutagenic,Binary (2 vs others),44,Colorant,62,52,83.87096774193549,50.0,2.0,8.0,2.0
Mutagenic,Binary (2 vs others),44,Crosslinking_agent,21,16,76.19047619047619,15.0,2.0,3.0,1.0
Mutagenic,Binary (2 vs others),44,Light_stabilizer,21,18,85.71428571428571,18.0,2.0,1.0,0.0
Mutagenic,Binary (2 vs others),44,Lubricant,29,21,72.41379310344827,21.0,0.0,8.0,0.0
Mutagenic,Binary (2 vs others),44,Other_Processing_Aids,62,50,80.64516129032258,50.0,3.0,9.0,0.0
Mutagenic,Binary (2 vs others),44,Plasticizer,20,14,70.0,14.0,1.0,5.0,0.0
Mutagenic,Binary (2 vs others),44,Biocide,23,18,78.26086956521739,18.0,1.0,4.0,0.0
Mutagenic,Binary (2 vs others),44,Catalyst,16,12,75.0,11.0,1.0,3.0,1.0
Mutagenic,Binary (2 vs others),44,Filler,33,27,81.81818181818183,27.0,0.0,6.0,0.0
Mutagenic,Binary (2 vs others),44,Initiator,8,7,87.5,6.0,1.0,0.0,1.0
Mutagenic,Binary (2 vs others),44,Viscosity_modifier,2,2,100.0,2.0,0.0,0.0,0.0
Mutagenic,Binary (2 vs others),44,Antistatic_agent,4,4,100.0,4.0,0.0,0.0,0.0
Mutagenic,Binary (2 vs others),44,Odor_Agent,12,10,83.33333333333334,10.0,0.0,2.0,0.0
Mutagenic,Binary (2 vs others),44,Solvent,2,2,100.0,2.0,0.0,0.0,0.0
Mutagenic,Binary (2 vs others),44,Heat_stabilizer,7,7,100.0,7.0,0.0,0.0,0.0
Mutagenic,Binary (2 vs others),44,Blowing_agent,1,0,0.0,0.0,0.0,1.0,0.0
Mutagenic,Binary (2 vs others),44,Flame_retardant,7,5,71.42857142857143,5.0,0.0,2.0,0.0
Mutagenic,Binary (2 vs others),44,Unspecified_additive,1,0,0.0,0.0,0.0,1.0,0.0
Mutagenic,Binary (2 vs others),45,Antioxidant,20,20,100.0,18.0,0.0,0.0,2.0
Mutagenic,Binary (2 vs others),45,Filler,32,24,75.0,22.0,1.0,7.0,2.0
Mutagenic,Binary (2 vs others),45,Heat_stabilizer,10,9,90.0,9.0,0.0,1.0,0.0
Mutagenic,Binary (2 vs others),45,Light_stabilizer,22,18,81.81818181818183,18.0,0.0,4.0,0.0
Mutagenic,Binary (2 vs others),45,Lubricant,23,19,82.6086956521739,18.0,0.0,4.0,1.0
Mutagenic,Binary (2 vs others),45,Other_Processing_Aids,60,50,83.33333333333334,47.0,2.0,8.0,3.0
Mutagenic,Binary (2 vs others),45,Biocide,16,15,93.75,13.0,0.0,1.0,2.0
Mutagenic,Binary (2 vs others),45,Colorant,60,50,83.33333333333334,48.0,1.0,9.0,2.0
Mutagenic,Binary (2 vs others),45,Intermediate,23,20,86.95652173913044,19.0,0.0,3.0,1.0
Mutagenic,Binary (2 vs others),45,Plasticizer,14,9,64.28571428571429,9.0,1.0,4.0,0.0
Mutagenic,Binary (2 vs others),45,Crosslinking_agent,20,17,85.0,16.0,2.0,1.0,1.0
Mutagenic,Binary (2 vs others),45,Monomer,11,10,90.9090909090909,10.0,1.0,0.0,0.0
Mutagenic,Binary (2 vs others),45,Catalyst,16,12,75.0,11.0,1.0,3.0,1.0
Mutagenic,Binary (2 vs others),45,Initiator,8,7,87.5,6.0,1.0,0.0,1.0
Mutagenic,Binary (2 vs others),45,Flame_retardant,5,4,80.0,4.0,0.0,1.0,0.0
Mutagenic,Binary (2 vs others),45,Odor_Agent,10,7,70.0,6.0,0.0,3.0,1.0
Mutagenic,Binary (2 vs others),45,Blowing_agent,3,3,100.0,3.0,0.0,0.0,0.0
Mutagenic,Binary (2 vs others),45,Antistatic_agent,4,3,75.0,3.0,0.0,1.0,0.0
Mutagenic,Binary (2 vs others),45,Solvent,3,2,66.66666666666666,2.0,0.0,1.0,0.0
Mutagenic,Binary (2 vs others),45,Viscosity_modifier,1,1,100.0,1.0,0.0,0.0,0.0
Mutagenic,Binary (2 vs others),45,Stabilizer,1,1,100.0,1.0,0.0,0.0,0.0
Mutagenic,Binary (2 vs others),46,Intermediate,36,31,86.11111111111111,29.0,1.0,4.0,2.0
Mutagenic,Binary (2 vs others),46,Light_stabilizer,12,12,100.0,12.0,0.0,0.0,0.0
Mutagenic,Binary (2 vs others),46,Other_Processing_Aids,53,41,77.35849056603774,40.0,2.0,10.0,1.0
Mutagenic,Binary (2 vs others),46,Viscosity_modifier,3,2,66.66666666666666,2.0,0.0,1.0,0.0
Mutagenic,Binary (2 vs others),46,Biocide,26,23,88.46153846153845,23.0,1.0,2.0,0.0
Mutagenic,Binary (2 vs others),46,Colorant,61,50,81.9672131147541,48.0,2.0,9.0,2.0
Mutagenic,Binary (2 vs others),46,Filler,28,21,75.0,20.0,2.0,5.0,1.0
Mutagenic,Binary (2 vs others),46,Lubricant,31,24,77.41935483870968,23.0,1.0,6.0,1.0
Mutagenic,Binary (2 vs others),46,Monomer,14,12,85.71428571428571,12.0,1.0,1.0,0.0
Mutagenic,Binary (2 vs others),46,Odor_Agent,17,14,82.35294117647058,14.0,0.0,3.0,0.0
Mutagenic,Binary (2 vs others),46,Plasticizer,18,16,88.88888888888889,16.0,0.0,2.0,0.0
Mutagenic,Binary (2 vs others),46,Catalyst,20,18,90.0,18.0,1.0,1.0,0.0
Mutagenic,Binary (2 vs others),46,Crosslinking_agent,18,18,100.0,18.0,0.0,0.0,0.0
Mutagenic,Binary (2 vs others),46,Flame_retardant,5,3,60.0,3.0,1.0,1.0,0.0
Mutagenic,Binary (2 vs others),46,Antioxidant,15,14,93.33333333333333,14.0,1.0,0.0,0.0
Mutagenic,Binary (2 vs others),46,Heat_stabilizer,5,4,80.0,4.0,1.0,0.0,0.0
Mutagenic,Binary (2 vs others),46,Blowing_agent,3,3,100.0,3.0,0.0,0.0,0.0
Mutagenic,Binary (2 vs others),46,Initiator,9,9,100.0,9.0,0.0,0.0,0.0
Mutagenic,Binary (2 vs others),46,Antistatic_agent,5,4,80.0,4.0,0.0,1.0,0.0
Mutagenic,Binary (2 vs others),46,Solvent,3,3,100.0,3.0,0.0,0.0,0.0
Mutagenic,Binary (2 vs others),46,Surfactant,1,1,100.0,1.0,0.0,0.0,0.0
Mutagenic,Binary (2 vs others),46,Stabilizer,1,1,100.0,1.0,0.0,0.0,0.0
Mutagenic,Binary (2 vs others),47,Antioxidant,18,15,83.33333333333334,13.0,0.0,3.0,2.0
Mutagenic,Binary (2 vs others),47,Catalyst,26,22,84.61538461538461,20.0,1.0,3.0,2.0
Mutagenic,Binary (2 vs others),47,Crosslinking_agent,27,23,85.18518518518519,21.0,1.0,3.0,2.0
Mutagenic,Binary (2 vs others),47,Initiator,14,11,78.57142857142857,11.0,1.0,2.0,0.0
Mutagenic,Binary (2 vs others),47,Lubricant,35,30,85.71428571428571,28.0,1.0,4.0,2.0
Mutagenic,Binary (2 vs others),47,Colorant,63,54,85.71428571428571,50.0,3.0,6.0,4.0
Mutagenic,Binary (2 vs others),47,Other_Processing_Aids,57,44,77.19298245614034,41.0,3.0,10.0,3.0
Mutagenic,Binary (2 vs others),47,Biocide,29,24,82.75862068965517,21.0,1.0,4.0,3.0
Mutagenic,Binary (2 vs others),47,Monomer,12,11,91.66666666666666,11.0,0.0,1.0,0.0
Mutagenic,Binary (2 vs others),47,Heat_stabilizer,3,3,100.0,3.0,0.0,0.0,0.0
Mutagenic,Binary (2 vs others),47,Light_stabilizer,19,16,84.21052631578947,14.0,0.0,3.0,2.0
Mutagenic,Binary (2 vs others),47,Filler,32,28,87.5,25.0,0.0,4.0,3.0
Mutagenic,Binary (2 vs others),47,Intermediate,35,28,80.0,26.0,1.0,6.0,2.0
Mutagenic,Binary (2 vs others),47,Odor_Agent,22,18,81.81818181818183,16.0,0.0,4.0,2.0
Mutagenic,Binary (2 vs others),47,Plasticizer,12,8,66.66666666666666,8.0,2.0,2.0,0.0
Mutagenic,Binary (2 vs others),47,Solvent,2,2,100.0,2.0,0.0,0.0,0.0
Mutagenic,Binary (2 vs others),47,Viscosity_modifier,3,2,66.66666666666666,2.0,0.0,1.0,0.0
Mutagenic,Binary (2 vs others),47,Flame_retardant,4,3,75.0,3.0,0.0,1.0,0.0
Mutagenic,Binary (2 vs others),47,Antistatic_agent,3,2,66.66666666666666,2.0,0.0,1.0,0.0
Mutagenic,Binary (2 vs others),47,Blowing_agent,1,1,100.0,1.0,0.0,0.0,0.0
Mutagenic,Binary (2 vs others),48,Crosslinking_agent,28,25,89.28571428571429,24.0,0.0,3.0,1.0
Mutagenic,Binary (2 vs others),48,Intermediate,36,27,75.0,25.0,0.0,9.0,2.0
Mutagenic,Binary (2 vs others),48,Biocide,17,14,82.35294117647058,14.0,1.0,2.0,0.0
Mutagenic,Binary (2 vs others),48,Colorant,64,56,87.5,56.0,2.0,6.0,0.0
Mutagenic,Binary (2 vs others),48,Filler,33,27,81.81818181818183,27.0,1.0,5.0,0.0
Mutagenic,Binary (2 vs others),48,Light_stabilizer,17,16,94.11764705882352,16.0,0.0,1.0,0.0
Mutagenic,Binary (2 vs others),48,Lubricant,28,25,89.28571428571429,25.0,1.0,2.0,0.0
Mutagenic,Binary (2 vs others),48,Odor_Agent,10,8,80.0,8.0,0.0,2.0,0.0
Mutagenic,Binary (2 vs others),48,Other_Processing_Aids,64,54,84.375,54.0,3.0,7.0,0.0
Mutagenic,Binary (2 vs others),48,Plasticizer,17,14,82.35294117647058,14.0,1.0,2.0,0.0
Mutagenic,Binary (2 vs others),48,Antioxidant,11,11,100.0,10.0,0.0,0.0,1.0
Mutagenic,Binary (2 vs others),48,Heat_stabilizer,5,5,100.0,5.0,0.0,0.0,0.0
Mutagenic,Binary (2 vs others),48,Monomer,15,12,80.0,12.0,0.0,3.0,0.0
Mutagenic,Binary (2 vs others),48,Antistatic_agent,2,1,50.0,1.0,0.0,1.0,0.0
Mutagenic,Binary (2 vs others),48,Catalyst,19,16,84.21052631578947,15.0,0.0,3.0,1.0
Mutagenic,Binary (2 vs others),48,Initiator,13,11,84.61538461538461,10.0,0.0,2.0,1.0
Mutagenic,Binary (2 vs others),48,Viscosity_modifier,4,4,100.0,4.0,0.0,0.0,0.0
Mutagenic,Binary (2 vs others),48,Flame_retardant,8,5,62.5,5.0,0.0,3.0,0.0
Mutagenic,Binary (2 vs others),48,Blowing_agent,1,1,100.0,1.0,0.0,0.0,0.0
Mutagenic,Binary (2 vs others),48,Solvent,1,0,0.0,0.0,0.0,1.0,0.0
Mutagenic,Binary (2 vs others),49,Colorant,50,42,84.0,40.0,3.0,5.0,2.0
Mutagenic,Binary (2 vs others),49,Biocide,23,19,82.6086956521739,18.0,2.0,2.0,1.0
Mutagenic,Binary (2 vs others),49,Catalyst,16,12,75.0,10.0,1.0,3.0,2.0
Mutagenic,Binary (2 vs others),49,Antioxidant,16,15,93.75,15.0,1.0,0.0,0.0
Mutagenic,Binary (2 vs others),49,Light_stabilizer,17,15,88.23529411764706,14.0,1.0,1.0,1.0
Mutagenic,Binary (2 vs others),49,Lubricant,28,24,85.71428571428571,23.0,3.0,1.0,1.0
Mutagenic,Binary (2 vs others),49,Monomer,13,11,84.61538461538461,11.0,1.0,1.0,0.0
Mutagenic,Binary (2 vs others),49,Other_Processing_Aids,59,48,81.35593220338984,45.0,5.0,6.0,3.0
Mutagenic,Binary (2 vs others),49,Intermediate,38,31,81.57894736842105,30.0,1.0,6.0,1.0
Mutagenic,Binary (2 vs others),49,Plasticizer,11,9,81.81818181818183,9.0,2.0,0.0,0.0
Mutagenic,Binary (2 vs others),49,Filler,24,22,91.66666666666666,21.0,2.0,0.0,1.0
Mutagenic,Binary (2 vs others),49,Crosslinking_agent,19,17,89.47368421052632,15.0,0.0,2.0,2.0
Mutagenic,Binary (2 vs others),49,Initiator,10,9,90.0,7.0,0.0,1.0,2.0
Mutagenic,Binary (2 vs others),49,Odor_Agent,16,15,93.75,13.0,0.0,1.0,2.0
Mutagenic,Binary (2 vs others),49,Flame_retardant,6,4,66.66666666666666,4.0,1.0,1.0,0.0
Mutagenic,Binary (2 vs others),49,Heat_stabilizer,4,4,100.0,4.0,0.0,0.0,0.0
Mutagenic,Binary (2 vs others),49,NIAS,1,1,100.0,1.0,0.0,0.0,0.0
Mutagenic,Binary (2 vs others),49,Impurity,1,1,100.0,1.0,0.0,0.0,0.0
Mutagenic,Binary (2 vs others),49,Antistatic_agent,4,4,100.0,4.0,0.0,0.0,0.0
Mutagenic,Binary (2 vs others),49,Viscosity_modifier,2,1,50.0,1.0,1.0,0.0,0.0
Mutagenic,Binary (2 vs others),49,Solvent,1,1,100.0,1.0,0.0,0.0,0.0
Mutagenic,Binary (2 vs others),50,Lubricant,26,23,88.46153846153845,23.0,0.0,3.0,0.0
Mutagenic,Binary (2 vs others),50,Odor_Agent,20,17,85.0,17.0,0.0,3.0,0.0
Mutagenic,Binary (2 vs others),50,Other_Processing_Aids,55,45,81.81818181818183,44.0,1.0,9.0,1.0
Mutagenic,Binary (2 vs others),50,Plasticizer,15,12,80.0,12.0,1.0,2.0,0.0
Mutagenic,Binary (2 vs others),50,Solvent,3,2,66.66666666666666,2.0,0.0,1.0,0.0
Mutagenic,Binary (2 vs others),50,Biocide,25,22,88.0,22.0,0.0,3.0,0.0
Mutagenic,Binary (2 vs others),50,Colorant,67,58,86.56716417910447,56.0,1.0,8.0,2.0
Mutagenic,Binary (2 vs others),50,Catalyst,19,16,84.21052631578947,16.0,1.0,2.0,0.0
Mutagenic,Binary (2 vs others),50,Crosslinking_agent,21,18,85.71428571428571,18.0,1.0,2.0,0.0
Mutagenic,Binary (2 vs others),50,Filler,29,26,89.65517241379311,26.0,0.0,3.0,0.0
Mutagenic,Binary (2 vs others),50,Intermediate,45,36,80.0,35.0,0.0,9.0,1.0
Mutagenic,Binary (2 vs others),50,Flame_retardant,9,7,77.77777777777779,7.0,0.0,2.0,0.0
Mutagenic,Binary (2 vs others),50,Monomer,18,17,94.44444444444444,17.0,0.0,1.0,0.0
Mutagenic,Binary (2 vs others),50,Light_stabilizer,13,13,100.0,13.0,0.0,0.0,0.0
Mutagenic,Binary (2 vs others),50,Antioxidant,17,16,94.11764705882352,16.0,0.0,1.0,0.0
Mutagenic,Binary (2 vs others),50,Heat_stabilizer,7,7,100.0,7.0,0.0,0.0,0.0
Mutagenic,Binary (2 vs others),50,Initiator,12,10,83.33333333333334,10.0,1.0,1.0,0.0
Mutagenic,Binary (2 vs others),50,Blowing_agent,4,2,50.0,2.0,0.0,2.0,0.0
Mutagenic,Binary (2 vs others),50,NIAS,2,2,100.0,2.0,0.0,0.0,0.0
Mutagenic,Binary (2 vs others),50,Impurity,1,1,100.0,1.0,0.0,0.0,0.0
Mutagenic,Binary (2 vs others),50,Antistatic_agent,4,4,100.0,4.0,0.0,0.0,0.0
Mutagenic,Binary (2 vs others),50,Viscosity_modifier,2,2,100.0,2.0,0.0,0.0,0.0
Mutagenic,Binary (2 vs others),50,Impact_modifier,1,1,100.0,1.0,0.0,0.0,0.0
Mutagenic,Binary (2 vs others),50,Stabilizer,1,1,100.0,1.0,0.0,0.0,0.0
