Target,Run,Feature,MeanAbsSHAP_Monomer
Mutagenic,1,BalabanJ,0.009212731801497521
Mutagenic,1,BertzCT,0.008813971107398476
Mutagenic,1,Chi0,0.004247958557596525
Mutagenic,1,Chi0n,0.005326814820461226
Mutagenic,1,Chi0v,0.008168090595271323
Mutagenic,1,Chi1,0.005297727115078851
Mutagenic,1,Chi1n,0.006790082782006988
Mutagenic,1,Chi1v,0.00611689840814597
Mutagenic,1,Chi2n,0.0065138626283183934
Mutagenic,1,Chi2v,0.0068687463193994325
Mutagenic,1,Chi3n,0.0054550164553855375
Mutagenic,1,Chi3v,0.007269446972456032
Mutagenic,1,Chi4n,0.006556785610902589
Mutagenic,1,EState_VSA2,0.011833614006088268
Mutagenic,1,EState_VSA8,0.008893849832617404
Mutagenic,1,EState_VSA9,0.017853826956367388
Mutagenic,1,HallKierAlpha,0.009935179285993969
Mutagenic,1,HeavyAtomMolWt,0.006760473851787925
Mutagenic,1,Kappa1,0.015149271050916053
Mutagenic,1,Kappa2,0.01322058990398438
Mutagenic,1,Kappa3,0.010258061601732498
Mutagenic,1,MaxAbsEStateIndex,0.009432407331037264
Mutagenic,1,MaxAbsPartialCharge,0.012833210241965124
Mutagenic,1,MaxEStateIndex,0.01237451241700651
Mutagenic,1,MaxPartialCharge,0.009612458812865597
Mutagenic,1,MinAbsEStateIndex,0.008176387188068122
Mutagenic,1,MinAbsPartialCharge,0.009268375963035431
Mutagenic,1,MinEStateIndex,0.009075093034124114
Mutagenic,1,MinPartialCharge,0.011330927695262932
Mutagenic,1,MolLogP,0.007997459351730244
Mutagenic,1,MolMR,0.006797987073535475
Mutagenic,1,MolWt,0.004662840753527032
Mutagenic,1,NumHeteroatoms,0.007017320308831932
Mutagenic,1,NumValenceElectrons,0.005062933343947048
Mutagenic,1,PEOE_VSA14,0.014483348014771873
Mutagenic,1,PEOE_VSA6,0.010346292166063467
Mutagenic,1,SMR_VSA1,0.007226026309035945
Mutagenic,1,SMR_VSA10,0.03134142367175675
Mutagenic,1,SlogP_VSA2,0.010370271656520939
Mutagenic,1,SlogP_VSA3,0.02371083777928823
Mutagenic,1,SlogP_VSA5,0.004368909000748203
Mutagenic,1,TPSA,0.009802702765731872
Mutagenic,1,VSA_EState1,0.0031400815143116886
Mutagenic,1,VSA_EState10,0.0025542176048989136
Mutagenic,1,VSA_EState4,0.02331180691906019
Mutagenic,1,VSA_EState5,0.01217765157461734
Mutagenic,1,VSA_EState8,0.00773853900610892
Mutagenic,2,BalabanJ,0.019297338256189865
Mutagenic,2,BertzCT,0.008515571090271118
Mutagenic,2,Chi0,0.003160102659806843
Mutagenic,2,Chi0n,0.002916206172003606
Mutagenic,2,Chi0v,0.00889772057484383
Mutagenic,2,Chi1n,0.0038034892901129456
Mutagenic,2,Chi1v,0.005473138828658987
Mutagenic,2,Chi2n,0.008949894756621005
Mutagenic,2,Chi2v,0.00468106983148332
Mutagenic,2,Chi3n,0.010827701143360523
Mutagenic,2,Chi4n,0.006336649285778317
Mutagenic,2,Chi4v,0.004595916596585153
Mutagenic,2,EState_VSA5,0.002368063296009364
Mutagenic,2,EState_VSA8,0.007089704509386101
Mutagenic,2,EState_VSA9,0.02312216320980125
Mutagenic,2,HallKierAlpha,0.014908448749136036
Mutagenic,2,HeavyAtomMolWt,0.007391933643659498
Mutagenic,2,Kappa1,0.012759831813637558
Mutagenic,2,Kappa2,0.009398452118583018
Mutagenic,2,Kappa3,0.008681528972602435
Mutagenic,2,MaxAbsEStateIndex,0.010423815161378792
Mutagenic,2,MaxAbsPartialCharge,0.011626254085579685
Mutagenic,2,MaxEStateIndex,0.0131817211081167
Mutagenic,2,MaxPartialCharge,0.013528865073899828
Mutagenic,2,MinAbsEStateIndex,0.01624291541321705
Mutagenic,2,MinAbsPartialCharge,0.00789238512111489
Mutagenic,2,MinEStateIndex,0.011213300647149043
Mutagenic,2,MinPartialCharge,0.011345813927251494
Mutagenic,2,MolLogP,0.01000396034846847
Mutagenic,2,MolMR,0.015500666793403456
Mutagenic,2,MolWt,0.005919809816310435
Mutagenic,2,NumValenceElectrons,0.003881353455211939
Mutagenic,2,PEOE_VSA6,0.009158775330656585
Mutagenic,2,SMR_VSA1,0.007752895472131962
Mutagenic,2,SMR_VSA10,0.02838295554274201
Mutagenic,2,SlogP_VSA2,0.01316516254837494
Mutagenic,2,SlogP_VSA3,0.03385559886068001
Mutagenic,2,VSA_EState1,0.005044857795047501
Mutagenic,2,VSA_EState3,0.007378679438003783
Mutagenic,2,VSA_EState4,0.025653730582090615
Mutagenic,2,VSA_EState5,0.01705615728975172
Mutagenic,2,VSA_EState7,0.009159656354955295
Mutagenic,2,VSA_EState8,0.008454091799892666
Mutagenic,3,BalabanJ,0.010618525139994919
Mutagenic,3,BertzCT,0.01030498318581914
Mutagenic,3,Chi0,0.005631248915977157
Mutagenic,3,Chi0n,0.003694057887438671
Mutagenic,3,Chi0v,0.012527896024405892
Mutagenic,3,Chi1,0.004374033535390616
Mutagenic,3,Chi1n,0.006413656835091869
Mutagenic,3,Chi1v,0.0077756862309661095
Mutagenic,3,Chi2n,0.005755335325463749
Mutagenic,3,Chi2v,0.004302370494791059
Mutagenic,3,Chi3n,0.003957852882819224
Mutagenic,3,Chi3v,0.004453304610566358
Mutagenic,3,Chi4n,0.010195856352866357
Mutagenic,3,Chi4v,0.006009623990385885
Mutagenic,3,EState_VSA1,0.0033325361299070466
Mutagenic,3,EState_VSA9,0.020047245803501902
Mutagenic,3,HallKierAlpha,0.011302931002948982
Mutagenic,3,HeavyAtomMolWt,0.004331560681416359
Mutagenic,3,Kappa1,0.02142649863931437
Mutagenic,3,Kappa2,0.008857128482048489
Mutagenic,3,Kappa3,0.009694724364398114
Mutagenic,3,MaxAbsEStateIndex,0.009085351548333174
Mutagenic,3,MaxAbsPartialCharge,0.009639669761380306
Mutagenic,3,MaxEStateIndex,0.014724879673772411
Mutagenic,3,MaxPartialCharge,0.011541603223280647
Mutagenic,3,MinAbsEStateIndex,0.0074866995880261845
Mutagenic,3,MinAbsPartialCharge,0.013471931902156552
Mutagenic,3,MinEStateIndex,0.014366751703870863
Mutagenic,3,MinPartialCharge,0.005551906081308123
Mutagenic,3,MolLogP,0.005083495570961081
Mutagenic,3,MolMR,0.01526561672997641
Mutagenic,3,MolWt,0.006137315920058562
Mutagenic,3,NumValenceElectrons,0.0032344214545039817
Mutagenic,3,PEOE_VSA1,0.006904463914523192
Mutagenic,3,PEOE_VSA6,0.010488753965134594
Mutagenic,3,SMR_VSA1,0.010283514142651494
Mutagenic,3,SMR_VSA10,0.01719563705842566
Mutagenic,3,SMR_VSA5,0.005773085659323888
Mutagenic,3,SMR_VSA6,0.005738951775305423
Mutagenic,3,SlogP_VSA2,0.013199557480776095
Mutagenic,3,SlogP_VSA3,0.023075835332570984
Mutagenic,3,SlogP_VSA5,0.0058288892616055465
Mutagenic,3,VSA_EState1,0.003373007932649487
Mutagenic,3,VSA_EState10,0.0022286011427421364
Mutagenic,3,VSA_EState4,0.03703947551302207
Mutagenic,3,VSA_EState5,0.008358393068875364
Mutagenic,3,VSA_EState7,0.011620452244186726
Mutagenic,3,VSA_EState8,0.0079184639464711
Mutagenic,4,BalabanJ,0.0084912271507404
Mutagenic,4,BertzCT,0.00937875768315141
Mutagenic,4,Chi0n,0.006254542049009069
Mutagenic,4,Chi0v,0.0117941743552126
Mutagenic,4,Chi1,0.005115463107080126
Mutagenic,4,Chi1n,0.005519507886332864
Mutagenic,4,Chi1v,0.004841676268093881
Mutagenic,4,Chi2n,0.014924410527670767
Mutagenic,4,Chi2v,0.005236272444674648
Mutagenic,4,Chi3n,0.009438177049122433
Mutagenic,4,Chi3v,0.005045224621313353
Mutagenic,4,Chi4n,0.013887544250173245
Mutagenic,4,EState_VSA2,0.006609346788856888
Mutagenic,4,EState_VSA5,0.003143754343395609
Mutagenic,4,EState_VSA9,0.018179472925430287
Mutagenic,4,HallKierAlpha,0.014381700666550111
Mutagenic,4,HeavyAtomMolWt,0.00714495171416123
Mutagenic,4,Kappa1,0.011239463558706196
Mutagenic,4,Kappa2,0.011499265210477227
Mutagenic,4,Kappa3,0.011515725198614046
Mutagenic,4,MaxAbsEStateIndex,0.016847866073936468
Mutagenic,4,MaxAbsPartialCharge,0.013023905217504276
Mutagenic,4,MaxEStateIndex,0.010582501842106393
Mutagenic,4,MaxPartialCharge,0.022750240574175545
Mutagenic,4,MinAbsEStateIndex,0.008227601023590148
Mutagenic,4,MinAbsPartialCharge,0.018058189046503074
Mutagenic,4,MinEStateIndex,0.01929407773285842
Mutagenic,4,MinPartialCharge,0.007123651152264446
Mutagenic,4,MolLogP,0.008585352412771462
Mutagenic,4,MolMR,0.024307532055934944
Mutagenic,4,MolWt,0.007441277106896353
Mutagenic,4,PEOE_VSA6,0.00859797441089412
Mutagenic,4,SMR_VSA1,0.011222224475353282
Mutagenic,4,SMR_VSA10,0.03120095406530035
Mutagenic,4,SMR_VSA6,0.005366396304570309
Mutagenic,4,SlogP_VSA2,0.012673399044457858
Mutagenic,4,SlogP_VSA3,0.02792644758901303
Mutagenic,4,VSA_EState1,0.0038606110974352004
Mutagenic,4,VSA_EState10,0.010401546778971532
Mutagenic,4,VSA_EState3,0.006609283210359008
Mutagenic,4,VSA_EState5,0.012710601917841796
Mutagenic,4,VSA_EState7,0.004396575942055164
Mutagenic,5,BalabanJ,0.02134278929234221
Mutagenic,5,BertzCT,0.009037041985127139
Mutagenic,5,Chi0n,0.0057766762046929316
Mutagenic,5,Chi0v,0.01280500137966068
Mutagenic,5,Chi1,0.004150441264930477
Mutagenic,5,Chi1n,0.003137349407321366
Mutagenic,5,Chi1v,0.005388456789060642
Mutagenic,5,Chi2n,0.014014085030409011
Mutagenic,5,Chi2v,0.004790748371741798
Mutagenic,5,Chi4n,0.013821600767029303
Mutagenic,5,Chi4v,0.008964426378456163
Mutagenic,5,EState_VSA6,0.011599303993111654
Mutagenic,5,HallKierAlpha,0.010855784099647938
Mutagenic,5,HeavyAtomCount,0.0018979511078142707
Mutagenic,5,HeavyAtomMolWt,0.008444328868462391
Mutagenic,5,Kappa1,0.014787632450352018
Mutagenic,5,Kappa2,0.014317518438958642
Mutagenic,5,Kappa3,0.008617098914777055
Mutagenic,5,MaxAbsEStateIndex,0.009672118606473427
Mutagenic,5,MaxAbsPartialCharge,0.010026953270360931
Mutagenic,5,MaxEStateIndex,0.008734703173955905
Mutagenic,5,MaxPartialCharge,0.020484564915577833
Mutagenic,5,MinAbsEStateIndex,0.008350970968744088
Mutagenic,5,MinAbsPartialCharge,0.0138045788237523
Mutagenic,5,MinEStateIndex,0.012185862390929838
Mutagenic,5,MinPartialCharge,0.013984510334468491
Mutagenic,5,MolLogP,0.01241139831859676
Mutagenic,5,MolMR,0.010275842617204023
Mutagenic,5,MolWt,0.009848181654478698
Mutagenic,5,NumHeteroatoms,0.006437943615572145
Mutagenic,5,NumValenceElectrons,0.0032900493308767142
Mutagenic,5,PEOE_VSA6,0.006785738989662519
Mutagenic,5,SMR_VSA1,0.009875642863402794
Mutagenic,5,SMR_VSA10,0.04209210644713641
Mutagenic,5,SlogP_VSA2,0.008834683224676346
Mutagenic,5,SlogP_VSA3,0.03691197157486054
Mutagenic,5,VSA_EState1,0.006646926400384278
Mutagenic,5,VSA_EState5,0.014655499385935388
Mutagenic,5,VSA_EState7,0.010544091826620325
Mutagenic,5,VSA_EState8,0.006476242032708444
Mutagenic,6,BalabanJ,0.011536825714187612
Mutagenic,6,BertzCT,0.010882948641063863
Mutagenic,6,Chi0n,0.0028506713382502316
Mutagenic,6,Chi0v,0.009350647838812254
Mutagenic,6,Chi1,0.003397437177010351
Mutagenic,6,Chi1n,0.0036308738983119216
Mutagenic,6,Chi1v,0.0035899619584619214
Mutagenic,6,Chi2n,0.006019137658490746
Mutagenic,6,Chi2v,0.0049836049066973535
Mutagenic,6,Chi3n,0.005364201239853596
Mutagenic,6,Chi3v,0.00528422887935895
Mutagenic,6,Chi4v,0.0061020644453818424
Mutagenic,6,EState_VSA2,0.004731792969576682
Mutagenic,6,EState_VSA9,0.02517177863706433
Mutagenic,6,HallKierAlpha,0.008455966698143528
Mutagenic,6,HeavyAtomMolWt,0.009930114099661689
Mutagenic,6,Kappa1,0.014465442692862134
Mutagenic,6,Kappa2,0.012739290439917216
Mutagenic,6,Kappa3,0.011075760070068687
Mutagenic,6,MaxAbsEStateIndex,0.013728044341506656
Mutagenic,6,MaxAbsPartialCharge,0.01206287328388764
Mutagenic,6,MaxEStateIndex,0.011663344362374156
Mutagenic,6,MaxPartialCharge,0.009597566827631441
Mutagenic,6,MinAbsEStateIndex,0.010097199911682637
Mutagenic,6,MinAbsPartialCharge,0.005561214981525517
Mutagenic,6,MinEStateIndex,0.01281362783701188
Mutagenic,6,MinPartialCharge,0.011072995954799844
Mutagenic,6,MolLogP,0.01093229828796729
Mutagenic,6,MolMR,0.0074072388303342025
Mutagenic,6,MolWt,0.006621736024102778
Mutagenic,6,NumValenceElectrons,0.0030914977183078523
Mutagenic,6,PEOE_VSA6,0.008728446102253635
Mutagenic,6,SMR_VSA1,0.011049273781884503
Mutagenic,6,SMR_VSA10,0.034144897882370955
Mutagenic,6,SMR_VSA3,0.009534632051350399
Mutagenic,6,SlogP_VSA2,0.010201077719355288
Mutagenic,6,SlogP_VSA3,0.032301568966594384
Mutagenic,6,VSA_EState1,0.005573157393394658
Mutagenic,6,VSA_EState10,0.00934914001316961
Mutagenic,6,VSA_EState4,0.02630809958309147
Mutagenic,6,VSA_EState5,0.01018278089089966
Mutagenic,6,VSA_EState7,0.008131818308790648
Mutagenic,6,VSA_EState8,0.0061334714543851265
Mutagenic,7,BalabanJ,0.010672026764154319
Mutagenic,7,BertzCT,0.010728221642172398
Mutagenic,7,Chi0,0.0040375246938376885
Mutagenic,7,Chi0n,0.004326247584304418
Mutagenic,7,Chi0v,0.010494218819394661
Mutagenic,7,Chi1n,0.004099229780737431
Mutagenic,7,Chi1v,0.008419865998480247
Mutagenic,7,Chi2n,0.004507035253770691
Mutagenic,7,Chi2v,0.006850294561141853
Mutagenic,7,Chi3n,0.005549614227669265
Mutagenic,7,Chi3v,0.0032414114741889316
Mutagenic,7,Chi4v,0.0032935761850750923
Mutagenic,7,EState_VSA2,0.012025416573612299
Mutagenic,7,EState_VSA8,0.007159365832332548
Mutagenic,7,HallKierAlpha,0.015406213091520576
Mutagenic,7,HeavyAtomMolWt,0.011362477188857358
Mutagenic,7,Kappa1,0.014339815496586037
Mutagenic,7,Kappa2,0.01533404138504455
Mutagenic,7,Kappa3,0.011133971115082311
Mutagenic,7,MaxAbsEStateIndex,0.01114432132328701
Mutagenic,7,MaxAbsPartialCharge,0.014068059338530253
Mutagenic,7,MaxEStateIndex,0.011340941266932317
Mutagenic,7,MaxPartialCharge,0.008589523635796759
Mutagenic,7,MinAbsPartialCharge,0.007942569755328215
Mutagenic,7,MinEStateIndex,0.008911752659952919
Mutagenic,7,MinPartialCharge,0.01753320793859419
Mutagenic,7,MolLogP,0.008337197507727783
Mutagenic,7,MolMR,0.009985798616873626
Mutagenic,7,MolWt,0.011607910311909244
Mutagenic,7,NumHeteroatoms,0.009040889769255246
Mutagenic,7,NumValenceElectrons,0.0023568047664775157
Mutagenic,7,PEOE_VSA6,0.011120664788342319
Mutagenic,7,SMR_VSA1,0.00795000291019727
Mutagenic,7,SMR_VSA10,0.03602816469883264
Mutagenic,7,SlogP_VSA2,0.016726691774020887
Mutagenic,7,SlogP_VSA3,0.02743717959416934
Mutagenic,7,VSA_EState1,0.004938779283358387
Mutagenic,7,VSA_EState10,0.005258281566268295
Mutagenic,7,VSA_EState4,0.023145549847143336
Mutagenic,7,VSA_EState5,0.012553483442486763
Mutagenic,7,VSA_EState7,0.010085122228032237
Mutagenic,7,VSA_EState8,0.006975076404339907
Mutagenic,8,BalabanJ,0.013276685305401742
Mutagenic,8,BertzCT,0.011479103182843474
Mutagenic,8,Chi0,0.004974563354347068
Mutagenic,8,Chi0n,0.009243135536320682
Mutagenic,8,Chi0v,0.011043567849095222
Mutagenic,8,Chi1,0.005020545656281353
Mutagenic,8,Chi1n,0.007918531343376972
Mutagenic,8,Chi1v,0.005956195436999261
Mutagenic,8,Chi2n,0.008877487394890004
Mutagenic,8,Chi2v,0.006779975840607492
Mutagenic,8,Chi3n,0.003554645942158268
Mutagenic,8,Chi4n,0.00811709749202499
Mutagenic,8,Chi4v,0.005901469463065044
Mutagenic,8,EState_VSA2,0.006833563331299338
Mutagenic,8,EState_VSA5,0.006546887909950303
Mutagenic,8,EState_VSA9,0.027683278286149266
Mutagenic,8,HallKierAlpha,0.0144104696143164
Mutagenic,8,HeavyAtomCount,0.0023210448066064175
Mutagenic,8,HeavyAtomMolWt,0.009067142156690924
Mutagenic,8,Kappa1,0.011168208073047112
Mutagenic,8,Kappa2,0.009909679300175741
Mutagenic,8,Kappa3,0.008193085677229636
Mutagenic,8,MaxAbsEStateIndex,0.010594916101010212
Mutagenic,8,MaxAbsPartialCharge,0.013044195486922133
Mutagenic,8,MaxEStateIndex,0.01064754729470999
Mutagenic,8,MaxPartialCharge,0.013924220814681131
Mutagenic,8,MinAbsEStateIndex,0.0061865820028130835
Mutagenic,8,MinAbsPartialCharge,0.009885179068603037
Mutagenic,8,MinEStateIndex,0.013306321631188646
Mutagenic,8,MinPartialCharge,0.011707988311385895
Mutagenic,8,MolLogP,0.008381704932694842
Mutagenic,8,MolMR,0.02521914038794621
Mutagenic,8,MolWt,0.006749243521286123
Mutagenic,8,NumValenceElectrons,0.0024253735722546757
Mutagenic,8,PEOE_VSA6,0.01419692677784545
Mutagenic,8,SMR_VSA1,0.010126205610792482
Mutagenic,8,SMR_VSA10,0.025092423484307833
Mutagenic,8,SlogP_VSA2,0.008973265066736007
Mutagenic,8,SlogP_VSA3,0.020099853463765714
Mutagenic,8,VSA_EState1,0.005308037753922318
Mutagenic,8,VSA_EState10,0.003899802254650876
Mutagenic,8,VSA_EState5,0.014460471612124113
Mutagenic,8,VSA_EState7,0.00734416378787239
Mutagenic,8,VSA_EState8,0.00871905469407436
Mutagenic,9,BalabanJ,0.010396747183265453
Mutagenic,9,BertzCT,0.0109496015106205
Mutagenic,9,Chi0n,0.003435707730735992
Mutagenic,9,Chi0v,0.00733254379448432
Mutagenic,9,Chi1,0.005534899039000838
Mutagenic,9,Chi1n,0.0038832073878341737
Mutagenic,9,Chi1v,0.0025559222910244124
Mutagenic,9,Chi2n,0.0074241948904246995
Mutagenic,9,Chi2v,0.003420217671806395
Mutagenic,9,Chi3n,0.005417178840386661
Mutagenic,9,Chi3v,0.006077558393631633
Mutagenic,9,Chi4n,0.008200034206955377
Mutagenic,9,Chi4v,0.0029988193666420533
Mutagenic,9,EState_VSA2,0.010811887412974449
Mutagenic,9,EState_VSA9,0.02203441105853802
Mutagenic,9,HallKierAlpha,0.011157742075062711
Mutagenic,9,HeavyAtomMolWt,0.005183398066393729
Mutagenic,9,Kappa1,0.013588482525203768
Mutagenic,9,Kappa2,0.010942833217771059
Mutagenic,9,Kappa3,0.011279279100381352
Mutagenic,9,MaxAbsEStateIndex,0.0072587011691529965
Mutagenic,9,MaxAbsPartialCharge,0.009722657787815956
Mutagenic,9,MaxEStateIndex,0.00812311304309817
Mutagenic,9,MaxPartialCharge,0.012371136833092506
Mutagenic,9,MinAbsEStateIndex,0.01153150485977603
Mutagenic,9,MinAbsPartialCharge,0.008357593085204468
Mutagenic,9,MinEStateIndex,0.013055502177916657
Mutagenic,9,MinPartialCharge,0.010656122150666655
Mutagenic,9,MolLogP,0.00938662474698059
Mutagenic,9,MolMR,0.013611774345672074
Mutagenic,9,MolWt,0.0055973768785421325
Mutagenic,9,NumValenceElectrons,0.002994832080307945
Mutagenic,9,PEOE_VSA1,0.00524760930763907
Mutagenic,9,PEOE_VSA6,0.0071311489716616465
Mutagenic,9,PEOE_VSA9,0.006773731530689978
Mutagenic,9,SMR_VSA1,0.009224189513571693
Mutagenic,9,SMR_VSA10,0.03663667033527494
Mutagenic,9,SlogP_VSA1,0.0024070530027566262
Mutagenic,9,SlogP_VSA2,0.01673170013564042
Mutagenic,9,SlogP_VSA3,0.031757659436945584
Mutagenic,9,VSA_EState1,0.007424026244212726
Mutagenic,9,VSA_EState10,0.008697048502272228
Mutagenic,9,VSA_EState4,0.012826114342002898
Mutagenic,9,VSA_EState5,0.012090682597414436
Mutagenic,9,VSA_EState8,0.0073410673066115015
Mutagenic,10,BalabanJ,0.013087117924910411
Mutagenic,10,BertzCT,0.008301346766920677
Mutagenic,10,Chi0,0.0022014954330107223
Mutagenic,10,Chi0n,0.004251019215644877
Mutagenic,10,Chi0v,0.005907560619824035
Mutagenic,10,Chi1,0.00334839508797462
Mutagenic,10,Chi1n,0.0035997895561031773
Mutagenic,10,Chi1v,0.00850050540072338
Mutagenic,10,Chi2n,0.012170044887899752
Mutagenic,10,Chi2v,0.005951732132590281
Mutagenic,10,Chi3n,0.006059265813705319
Mutagenic,10,Chi3v,0.008339226333907242
Mutagenic,10,Chi4n,0.004205547138349236
Mutagenic,10,Chi4v,0.005828524616141257
Mutagenic,10,EState_VSA2,0.006577944971068463
Mutagenic,10,EState_VSA5,0.00591574016789658
Mutagenic,10,EState_VSA8,0.006962389834256671
Mutagenic,10,EState_VSA9,0.019094849065193212
Mutagenic,10,HallKierAlpha,0.011687895020702721
Mutagenic,10,HeavyAtomMolWt,0.010433534956262128
Mutagenic,10,Kappa1,0.01348943288482284
Mutagenic,10,Kappa2,0.010541693876662647
Mutagenic,10,Kappa3,0.008458785268412731
Mutagenic,10,MaxAbsEStateIndex,0.008960302087961879
Mutagenic,10,MaxAbsPartialCharge,0.00982312309102428
Mutagenic,10,MaxEStateIndex,0.01049900016790935
Mutagenic,10,MaxPartialCharge,0.011820392304837382
Mutagenic,10,MinAbsEStateIndex,0.009689936063199149
Mutagenic,10,MinAbsPartialCharge,0.0071878689774369665
Mutagenic,10,MinEStateIndex,0.011257100902121373
Mutagenic,10,MinPartialCharge,0.011729818455008827
Mutagenic,10,MolLogP,0.007861767771132396
Mutagenic,10,MolMR,0.009888143213968161
Mutagenic,10,MolWt,0.004632774489621778
Mutagenic,10,NumHeteroatoms,0.003915227737791276
Mutagenic,10,NumValenceElectrons,0.0036080918533234266
Mutagenic,10,PEOE_VSA6,0.009294445429685733
Mutagenic,10,SMR_VSA1,0.005119534056033307
Mutagenic,10,SMR_VSA10,0.03563971660466672
Mutagenic,10,SlogP_VSA2,0.015359670679032158
Mutagenic,10,SlogP_VSA3,0.025782314688223232
Mutagenic,10,VSA_EState1,0.01019089917861706
Mutagenic,10,VSA_EState10,0.003627474483449987
Mutagenic,10,VSA_EState5,0.01677204907295304
Mutagenic,10,VSA_EState7,0.01327325320333464
Mutagenic,10,VSA_EState8,0.008143979032207215
Mutagenic,11,BalabanJ,0.009717046636614402
Mutagenic,11,BertzCT,0.010190881534129972
Mutagenic,11,Chi0,0.002912119665946708
Mutagenic,11,Chi0n,0.0050279709875035074
Mutagenic,11,Chi0v,0.007014190048314181
Mutagenic,11,Chi1,0.001746886146383505
Mutagenic,11,Chi1n,0.004814799842219398
Mutagenic,11,Chi1v,0.006804995859092932
Mutagenic,11,Chi2n,0.012705046279247467
Mutagenic,11,Chi2v,0.0074537664198570065
Mutagenic,11,Chi3n,0.005935902626413083
Mutagenic,11,Chi3v,0.010389905997308683
Mutagenic,11,Chi4n,0.00879744753523659
Mutagenic,11,EState_VSA2,0.0058770167268003964
Mutagenic,11,EState_VSA9,0.021020895024204105
Mutagenic,11,HallKierAlpha,0.008410616969078289
Mutagenic,11,HeavyAtomCount,0.002128919268128367
Mutagenic,11,HeavyAtomMolWt,0.014263727357918398
Mutagenic,11,Kappa1,0.015748750011664262
Mutagenic,11,Kappa2,0.011968253547961636
Mutagenic,11,Kappa3,0.008711572596103476
Mutagenic,11,MaxAbsEStateIndex,0.0076996237461982985
Mutagenic,11,MaxAbsPartialCharge,0.012802162617965485
Mutagenic,11,MaxEStateIndex,0.007793339234789529
Mutagenic,11,MaxPartialCharge,0.010805283162508342
Mutagenic,11,MinAbsEStateIndex,0.009072879233410009
Mutagenic,11,MinAbsPartialCharge,0.007574882703575711
Mutagenic,11,MinEStateIndex,0.01026858548965238
Mutagenic,11,MinPartialCharge,0.010771031668826116
Mutagenic,11,MolLogP,0.007544421744759913
Mutagenic,11,MolMR,0.008223363850325535
Mutagenic,11,MolWt,0.006077658755077914
Mutagenic,11,NumValenceElectrons,0.004042197533442919
Mutagenic,11,PEOE_VSA6,0.008038674663756244
Mutagenic,11,PEOE_VSA9,0.008926632059222091
Mutagenic,11,SMR_VSA1,0.00776864535231149
Mutagenic,11,SMR_VSA10,0.046027209609237646
Mutagenic,11,SMR_VSA5,0.004215092176783078
Mutagenic,11,SMR_VSA6,0.002605871469702555
Mutagenic,11,SlogP_VSA2,0.014580956405997927
Mutagenic,11,SlogP_VSA3,0.02626768678510789
Mutagenic,11,SlogP_VSA5,0.0050554795648128465
Mutagenic,11,VSA_EState10,0.005879004586930176
Mutagenic,11,VSA_EState2,0.0086798594726655
Mutagenic,11,VSA_EState5,0.011758823083996402
Mutagenic,11,VSA_EState6,0.009556314629418639
Mutagenic,11,VSA_EState7,0.008769685113657453
Mutagenic,11,VSA_EState8,0.008176826567665534
Mutagenic,12,BalabanJ,0.011101097016366442
Mutagenic,12,BertzCT,0.010184250409801216
Mutagenic,12,Chi0,0.003978690607794834
Mutagenic,12,Chi0n,0.004850900674200188
Mutagenic,12,Chi0v,0.007775606834548735
Mutagenic,12,Chi1,0.0047876269920277634
Mutagenic,12,Chi1n,0.0026472914718125747
Mutagenic,12,Chi1v,0.005772118585602547
Mutagenic,12,Chi2n,0.010814217990331226
Mutagenic,12,Chi2v,0.00529431856720024
Mutagenic,12,Chi3n,0.007867890984077601
Mutagenic,12,Chi3v,0.004610447892738679
Mutagenic,12,Chi4n,0.014826521430961592
Mutagenic,12,Chi4v,0.00710084534040214
Mutagenic,12,EState_VSA2,0.00643048501441735
Mutagenic,12,EState_VSA9,0.02175887233033109
Mutagenic,12,HallKierAlpha,0.01635493336243677
Mutagenic,12,HeavyAtomMolWt,0.004998175962754796
Mutagenic,12,Kappa1,0.011569738885075426
Mutagenic,12,Kappa2,0.009328779215679
Mutagenic,12,Kappa3,0.006192395991090858
Mutagenic,12,MaxAbsEStateIndex,0.0062424014968693
Mutagenic,12,MaxAbsPartialCharge,0.006575101912810627
Mutagenic,12,MaxEStateIndex,0.008958820458282406
Mutagenic,12,MaxPartialCharge,0.00801856815416838
Mutagenic,12,MinAbsEStateIndex,0.009086362801466534
Mutagenic,12,MinAbsPartialCharge,0.008783770309121426
Mutagenic,12,MinEStateIndex,0.011630444327812281
Mutagenic,12,MinPartialCharge,0.009789880224724589
Mutagenic,12,MolLogP,0.00989231558345173
Mutagenic,12,MolMR,0.01884265677136059
Mutagenic,12,MolWt,0.008239812931939849
Mutagenic,12,NumValenceElectrons,0.0025617853077752636
Mutagenic,12,PEOE_VSA1,0.004105758660805059
Mutagenic,12,PEOE_VSA6,0.009070346413988357
Mutagenic,12,PEOE_VSA7,0.0175309330616466
Mutagenic,12,PEOE_VSA9,0.006150818920595186
Mutagenic,12,SMR_VSA1,0.008318681159912463
Mutagenic,12,SMR_VSA10,0.03587724265680838
Mutagenic,12,SlogP_VSA2,0.004765301995484393
Mutagenic,12,SlogP_VSA3,0.030578219196040722
Mutagenic,12,TPSA,0.008040909247528023
Mutagenic,12,VSA_EState1,0.005296634888056223
Mutagenic,12,VSA_EState10,0.003564472926060279
Mutagenic,12,VSA_EState5,0.010403281947761259
Mutagenic,12,VSA_EState7,0.007119052510833841
Mutagenic,12,VSA_EState8,0.008773087056852442
Mutagenic,13,BalabanJ,0.006605024202846613
Mutagenic,13,BertzCT,0.011267757198060377
Mutagenic,13,Chi0n,0.006346216505729795
Mutagenic,13,Chi0v,0.012152276608720258
Mutagenic,13,Chi1,0.004438209026984381
Mutagenic,13,Chi1n,0.003198353879356545
Mutagenic,13,Chi1v,0.0027032192169479585
Mutagenic,13,Chi2n,0.011969771096842897
Mutagenic,13,Chi2v,0.00423307381819912
Mutagenic,13,Chi3n,0.0036056772506376077
Mutagenic,13,Chi3v,0.002333662778857961
Mutagenic,13,Chi4n,0.015933339235665527
Mutagenic,13,Chi4v,0.0053217684820070455
Mutagenic,13,EState_VSA2,0.007726858961252268
Mutagenic,13,EState_VSA4,0.009610406330599208
Mutagenic,13,EState_VSA9,0.019234122033457136
Mutagenic,13,HallKierAlpha,0.00868871428652228
Mutagenic,13,HeavyAtomMolWt,0.009964789831812391
Mutagenic,13,Kappa1,0.011648684218502008
Mutagenic,13,Kappa2,0.008924837134992016
Mutagenic,13,Kappa3,0.005863606651052353
Mutagenic,13,MaxAbsEStateIndex,0.010894476429160374
Mutagenic,13,MaxAbsPartialCharge,0.008017433474941132
Mutagenic,13,MaxEStateIndex,0.010528393887225632
Mutagenic,13,MaxPartialCharge,0.009582243178501624
Mutagenic,13,MinAbsEStateIndex,0.009476879786716354
Mutagenic,13,MinAbsPartialCharge,0.008796454586994134
Mutagenic,13,MinEStateIndex,0.0120159232301863
Mutagenic,13,MinPartialCharge,0.008302547480330949
Mutagenic,13,MolLogP,0.009937642683521842
Mutagenic,13,MolMR,0.014020611779465042
Mutagenic,13,MolWt,0.006521344274458277
Mutagenic,13,NumValenceElectrons,0.0034120220415230335
Mutagenic,13,PEOE_VSA6,0.01284605867929599
Mutagenic,13,PEOE_VSA7,0.0062893188983519695
Mutagenic,13,PEOE_VSA9,0.010516357402352398
Mutagenic,13,SMR_VSA1,0.007591302848079972
Mutagenic,13,SMR_VSA10,0.027203142549922003
Mutagenic,13,SMR_VSA5,0.004535073067043184
Mutagenic,13,SlogP_VSA2,0.008366879291575733
Mutagenic,13,SlogP_VSA3,0.0322342083021662
Mutagenic,13,VSA_EState1,0.007176825057444972
Mutagenic,13,VSA_EState10,0.00542315438543886
Mutagenic,13,VSA_EState4,0.010424695679329837
Mutagenic,13,VSA_EState5,0.010128329037886366
Mutagenic,13,VSA_EState6,0.00898974241202851
Mutagenic,13,VSA_EState7,0.005734848662781697
Mutagenic,13,VSA_EState8,0.006287493293335537
Mutagenic,14,BalabanJ,0.009450403207203216
Mutagenic,14,BertzCT,0.013700908053710038
Mutagenic,14,Chi0n,0.005161136151425379
Mutagenic,14,Chi0v,0.006652724972576343
Mutagenic,14,Chi1,0.007518526532072925
Mutagenic,14,Chi1n,0.0046890664276228
Mutagenic,14,Chi1v,0.00689494446345785
Mutagenic,14,Chi2n,0.00865755237679324
Mutagenic,14,Chi2v,0.005269252863355332
Mutagenic,14,Chi3n,0.004717070289028994
Mutagenic,14,Chi3v,0.007003786437056496
Mutagenic,14,Chi4n,0.012100503392856501
Mutagenic,14,EState_VSA2,0.005033892423864212
Mutagenic,14,HallKierAlpha,0.010161249050245106
Mutagenic,14,HeavyAtomMolWt,0.009152913171276667
Mutagenic,14,Kappa1,0.011538594298379784
Mutagenic,14,Kappa2,0.01209929619180557
Mutagenic,14,Kappa3,0.0048122049485616715
Mutagenic,14,MaxAbsEStateIndex,0.011358630420776745
Mutagenic,14,MaxAbsPartialCharge,0.007716552674186141
Mutagenic,14,MaxEStateIndex,0.008106296159445504
Mutagenic,14,MaxPartialCharge,0.016570542687393882
Mutagenic,14,MinAbsEStateIndex,0.0070547167597875705
Mutagenic,14,MinAbsPartialCharge,0.010161690842806503
Mutagenic,14,MinEStateIndex,0.011958165259442098
Mutagenic,14,MinPartialCharge,0.010484010898966193
Mutagenic,14,MolLogP,0.019804358138059093
Mutagenic,14,MolMR,0.021421613312517046
Mutagenic,14,MolWt,0.007600649839254066
Mutagenic,14,NumHeteroatoms,0.007546113376822132
Mutagenic,14,NumValenceElectrons,0.006227772620862718
Mutagenic,14,PEOE_VSA14,0.00808967304232931
Mutagenic,14,PEOE_VSA6,0.00935913264989711
Mutagenic,14,PEOE_VSA9,0.010074571750810397
Mutagenic,14,SMR_VSA1,0.006346491471147535
Mutagenic,14,SMR_VSA10,0.033685736812460614
Mutagenic,14,SMR_VSA5,0.005918141306596559
Mutagenic,14,SlogP_VSA2,0.016356021667061373
Mutagenic,14,SlogP_VSA3,0.024210193182181122
Mutagenic,14,SlogP_VSA5,0.0038519998215871443
Mutagenic,14,VSA_EState1,0.004753168862084673
Mutagenic,14,VSA_EState10,0.004163694750998821
Mutagenic,14,VSA_EState5,0.010538328569119914
Mutagenic,14,VSA_EState7,0.006242231310179849
Mutagenic,14,VSA_EState8,0.012980985901499322
Mutagenic,15,BalabanJ,0.012470558356835339
Mutagenic,15,BertzCT,0.01356365886319829
Mutagenic,15,Chi0,0.002395111194499671
Mutagenic,15,Chi0n,0.002980182648147178
Mutagenic,15,Chi0v,0.005406062921212527
Mutagenic,15,Chi1,0.00665456965957666
Mutagenic,15,Chi1n,0.002210620063641229
Mutagenic,15,Chi1v,0.011746358708412442
Mutagenic,15,Chi2n,0.006227872855434446
Mutagenic,15,Chi2v,0.006054925862190416
Mutagenic,15,Chi3n,0.01147831688633325
Mutagenic,15,Chi3v,0.0039317860320348666
Mutagenic,15,Chi4n,0.010009535384788956
Mutagenic,15,Chi4v,0.006136264391015622
Mutagenic,15,EState_VSA2,0.005115875770063425
Mutagenic,15,EState_VSA5,0.004709660242521046
Mutagenic,15,EState_VSA8,0.008113927065580421
Mutagenic,15,HallKierAlpha,0.010732436997561092
Mutagenic,15,HeavyAtomMolWt,0.0072922856000477146
Mutagenic,15,Kappa1,0.010860446717688065
Mutagenic,15,Kappa2,0.008745626982105214
Mutagenic,15,Kappa3,0.009167821921295062
Mutagenic,15,MaxAbsEStateIndex,0.008885195851052713
Mutagenic,15,MaxAbsPartialCharge,0.009641466527836989
Mutagenic,15,MaxEStateIndex,0.010750813316595458
Mutagenic,15,MaxPartialCharge,0.012797545402194528
Mutagenic,15,MinAbsEStateIndex,0.008605689605799728
Mutagenic,15,MinAbsPartialCharge,0.010761750480416938
Mutagenic,15,MinEStateIndex,0.014416885098566895
Mutagenic,15,MinPartialCharge,0.013784132457796921
Mutagenic,15,MolLogP,0.005369705822430606
Mutagenic,15,MolMR,0.014744271623631571
Mutagenic,15,MolWt,0.006493153698365886
Mutagenic,15,NumValenceElectrons,0.003433462164345138
Mutagenic,15,PEOE_VSA14,0.008182017759181499
Mutagenic,15,PEOE_VSA6,0.011006943066402385
Mutagenic,15,SMR_VSA1,0.008271245470405848
Mutagenic,15,SMR_VSA10,0.02019122820534588
Mutagenic,15,SMR_VSA5,0.005885766870537019
Mutagenic,15,SlogP_VSA2,0.005104160891421032
Mutagenic,15,SlogP_VSA3,0.018350518375241914
Mutagenic,15,VSA_EState1,0.0034628546356977393
Mutagenic,15,VSA_EState4,0.01963908951206308
Mutagenic,15,VSA_EState5,0.01673629998158847
Mutagenic,15,VSA_EState7,0.014365471841713766
Mutagenic,15,VSA_EState8,0.005301753914744406
Mutagenic,16,BalabanJ,0.009333871141443456
Mutagenic,16,BertzCT,0.009477194094655162
Mutagenic,16,Chi0n,0.0050973331717698135
Mutagenic,16,Chi0v,0.010685738891511361
Mutagenic,16,Chi1,0.005785703459387385
Mutagenic,16,Chi1n,0.0021684393731219403
Mutagenic,16,Chi1v,0.005760009390726813
Mutagenic,16,Chi2n,0.008505028823206829
Mutagenic,16,Chi2v,0.008385546913879664
Mutagenic,16,Chi3n,0.005769803139999042
Mutagenic,16,Chi3v,0.006574430654226739
Mutagenic,16,Chi4n,0.009843466131989068
Mutagenic,16,EState_VSA2,0.00948484788993639
Mutagenic,16,EState_VSA8,0.007231005269013082
Mutagenic,16,EState_VSA9,0.025309206061625653
Mutagenic,16,HallKierAlpha,0.01111590793267719
Mutagenic,16,HeavyAtomMolWt,0.009857790690924106
Mutagenic,16,Kappa1,0.014283161600549854
Mutagenic,16,Kappa2,0.011128263254723048
Mutagenic,16,Kappa3,0.009087750588880261
Mutagenic,16,MaxAbsEStateIndex,0.010779957712068494
Mutagenic,16,MaxAbsPartialCharge,0.008127482219874632
Mutagenic,16,MaxEStateIndex,0.011722135060180916
Mutagenic,16,MaxPartialCharge,0.01333612201314191
Mutagenic,16,MinAbsEStateIndex,0.00860206636766186
Mutagenic,16,MinAbsPartialCharge,0.00994310122989043
Mutagenic,16,MinEStateIndex,0.012984382974892949
Mutagenic,16,MinPartialCharge,0.005387231540624197
Mutagenic,16,MolLogP,0.007987874411622915
Mutagenic,16,MolMR,0.011190238013140523
Mutagenic,16,MolWt,0.00862375164413731
Mutagenic,16,PEOE_VSA6,0.01241763510071638
Mutagenic,16,SMR_VSA1,0.011517623822573386
Mutagenic,16,SMR_VSA10,0.019771112291893406
Mutagenic,16,SlogP_VSA2,0.014957421049269616
Mutagenic,16,SlogP_VSA3,0.028533788587322834
Mutagenic,16,TPSA,0.0034708214264132903
Mutagenic,16,VSA_EState1,0.005696013430076134
Mutagenic,16,VSA_EState10,0.003325943721222583
Mutagenic,16,VSA_EState4,0.015127086576564351
Mutagenic,16,VSA_EState5,0.008638768783004168
Mutagenic,16,VSA_EState7,0.014018419493472099
Mutagenic,16,VSA_EState8,0.0079471701854053
Mutagenic,17,BalabanJ,0.009646932197175882
Mutagenic,17,BertzCT,0.013547353972724737
Mutagenic,17,Chi0n,0.00855109674609525
Mutagenic,17,Chi0v,0.013332938727952675
Mutagenic,17,Chi1,0.004981182674857749
Mutagenic,17,Chi1n,0.004012022534502395
Mutagenic,17,Chi1v,0.006164430913295759
Mutagenic,17,Chi2n,0.011851713825939901
Mutagenic,17,Chi2v,0.007157719941466491
Mutagenic,17,Chi3n,0.009498059476657352
Mutagenic,17,Chi3v,0.009669365549863545
Mutagenic,17,Chi4n,0.009249436547011368
Mutagenic,17,Chi4v,0.0070426807960143455
Mutagenic,17,EState_VSA2,0.005817685673157687
Mutagenic,17,HallKierAlpha,0.012556538433935628
Mutagenic,17,HeavyAtomMolWt,0.007897584836047019
Mutagenic,17,Kappa1,0.012318817031368877
Mutagenic,17,Kappa2,0.01129971749943529
Mutagenic,17,Kappa3,0.011952130328844698
Mutagenic,17,MaxAbsEStateIndex,0.009750140094566912
Mutagenic,17,MaxAbsPartialCharge,0.011571289924828523
Mutagenic,17,MaxEStateIndex,0.008908737997122673
Mutagenic,17,MaxPartialCharge,0.011128330204209322
Mutagenic,17,MinAbsEStateIndex,0.00994471790636182
Mutagenic,17,MinAbsPartialCharge,0.008174740157306178
Mutagenic,17,MinEStateIndex,0.007842512336986145
Mutagenic,17,MinPartialCharge,0.007648913922861413
Mutagenic,17,MolLogP,0.006314933405823476
Mutagenic,17,MolMR,0.022311240773687062
Mutagenic,17,MolWt,0.010060470729784344
Mutagenic,17,PEOE_VSA1,0.006153899243736526
Mutagenic,17,PEOE_VSA14,0.005832994887376757
Mutagenic,17,PEOE_VSA6,0.006296047272374748
Mutagenic,17,PEOE_VSA9,0.00822459954903114
Mutagenic,17,SMR_VSA1,0.005888864205319485
Mutagenic,17,SMR_VSA10,0.04276763809721313
Mutagenic,17,SMR_VSA7,0.014351070173327821
Mutagenic,17,SlogP_VSA2,0.011031972637926992
Mutagenic,17,SlogP_VSA3,0.03378196579460724
Mutagenic,17,SlogP_VSA5,0.006068929217269372
Mutagenic,17,VSA_EState1,0.00538074459204653
Mutagenic,17,VSA_EState10,0.007526237075802294
Mutagenic,17,VSA_EState5,0.012175992895238085
Mutagenic,17,VSA_EState7,0.006238878010351912
Mutagenic,17,VSA_EState8,0.004898562674286376
Mutagenic,18,BalabanJ,0.009558414537700715
Mutagenic,18,BertzCT,0.01080391862150677
Mutagenic,18,Chi0,0.003906560374881713
Mutagenic,18,Chi0n,0.007847129194496217
Mutagenic,18,Chi0v,0.007801119280999808
Mutagenic,18,Chi1,0.004453606691647658
Mutagenic,18,Chi1n,0.006886665800834347
Mutagenic,18,Chi1v,0.0075654362405265015
Mutagenic,18,Chi2n,0.004960009969334009
Mutagenic,18,Chi2v,0.00700475077753637
Mutagenic,18,Chi3n,0.0062374789677149215
Mutagenic,18,Chi3v,0.008164575755524235
Mutagenic,18,Chi4n,0.007201084614843592
Mutagenic,18,Chi4v,0.009245405953595557
Mutagenic,18,EState_VSA5,0.004348538623513612
Mutagenic,18,EState_VSA9,0.022560887495854998
Mutagenic,18,HallKierAlpha,0.009517867749917676
Mutagenic,18,HeavyAtomMolWt,0.011208093128093146
Mutagenic,18,Kappa1,0.015799929565897583
Mutagenic,18,Kappa2,0.015539613507855394
Mutagenic,18,Kappa3,0.00775977412926855
Mutagenic,18,MaxAbsEStateIndex,0.013871891575673829
Mutagenic,18,MaxAbsPartialCharge,0.013410523619416663
Mutagenic,18,MaxEStateIndex,0.01246431682400012
Mutagenic,18,MaxPartialCharge,0.01324007972869981
Mutagenic,18,MinAbsEStateIndex,0.008406212472637922
Mutagenic,18,MinAbsPartialCharge,0.01152477344586205
Mutagenic,18,MinEStateIndex,0.010150473840291928
Mutagenic,18,MinPartialCharge,0.008804644968887628
Mutagenic,18,MolLogP,0.011933031065246603
Mutagenic,18,MolMR,0.008766436185224167
Mutagenic,18,MolWt,0.008752993027816326
Mutagenic,18,NumHeteroatoms,0.005347043344649764
Mutagenic,18,NumValenceElectrons,0.004881284881153846
Mutagenic,18,PEOE_VSA6,0.013794317195615281
Mutagenic,18,SMR_VSA1,0.009243862270200175
Mutagenic,18,SMR_VSA10,0.03947899201547821
Mutagenic,18,SMR_VSA5,0.004896301882776274
Mutagenic,18,SlogP_VSA2,0.015366561177244773
Mutagenic,18,SlogP_VSA3,0.028115844135104803
Mutagenic,18,VSA_EState1,0.005524093011994884
Mutagenic,18,VSA_EState4,0.012620024515055495
Mutagenic,19,BalabanJ,0.014015451133296357
Mutagenic,19,BertzCT,0.008444622686037984
Mutagenic,19,Chi0n,0.005234611424048146
Mutagenic,19,Chi0v,0.005161503962244602
Mutagenic,19,Chi1,0.005748287195466536
Mutagenic,19,Chi1n,0.003950296019368722
Mutagenic,19,Chi1v,0.00375272964282869
Mutagenic,19,Chi2n,0.007401936070920161
Mutagenic,19,Chi2v,0.0032063626315353097
Mutagenic,19,Chi3v,0.011431887111100469
Mutagenic,19,Chi4n,0.007716372108148962
Mutagenic,19,EState_VSA2,0.007759799554654624
Mutagenic,19,EState_VSA9,0.014466455769355917
Mutagenic,19,HallKierAlpha,0.011541735605230915
Mutagenic,19,HeavyAtomMolWt,0.012947759929704128
Mutagenic,19,Kappa1,0.015407190891464069
Mutagenic,19,Kappa2,0.010498285624787506
Mutagenic,19,Kappa3,0.006847727997757717
Mutagenic,19,MaxAbsEStateIndex,0.009446057556597188
Mutagenic,19,MaxAbsPartialCharge,0.006746112422905859
Mutagenic,19,MaxEStateIndex,0.00855043079871905
Mutagenic,19,MaxPartialCharge,0.010469690275966493
Mutagenic,19,MinAbsEStateIndex,0.010209289776321878
Mutagenic,19,MinAbsPartialCharge,0.009399998670442548
Mutagenic,19,MinEStateIndex,0.010521887894587276
Mutagenic,19,MinPartialCharge,0.014837596994079867
Mutagenic,19,MolLogP,0.008665644541081987
Mutagenic,19,MolMR,0.008086065006935268
Mutagenic,19,MolWt,0.008532318570888878
Mutagenic,19,NumHeteroatoms,0.00635023820132636
Mutagenic,19,NumValenceElectrons,0.003991000707868101
Mutagenic,19,PEOE_VSA6,0.007260509085308748
Mutagenic,19,PEOE_VSA7,0.00715289977878936
Mutagenic,19,PEOE_VSA9,0.009338520821035338
Mutagenic,19,SMR_VSA1,0.00519639372685501
Mutagenic,19,SMR_VSA10,0.026508515987363628
Mutagenic,19,SMR_VSA5,0.0035521495573029305
Mutagenic,19,SMR_VSA7,0.006371045588035585
Mutagenic,19,SlogP_VSA2,0.012322951560110791
Mutagenic,19,SlogP_VSA3,0.02891415377957113
Mutagenic,19,SlogP_VSA5,0.0029757542850480452
Mutagenic,19,TPSA,0.007411867468016549
Mutagenic,19,VSA_EState1,0.004108813385902347
Mutagenic,19,VSA_EState10,0.005845586738499542
Mutagenic,19,VSA_EState5,0.0121979572589573
Mutagenic,19,VSA_EState7,0.006875118605811518
Mutagenic,19,VSA_EState8,0.005547240991693069
Mutagenic,20,BalabanJ,0.010074068540580166
Mutagenic,20,BertzCT,0.01141059356076083
Mutagenic,20,Chi0,0.0028489514531499396
Mutagenic,20,Chi0n,0.003954681166512013
Mutagenic,20,Chi0v,0.010062477531181975
Mutagenic,20,Chi1,0.003291747623110338
Mutagenic,20,Chi1n,0.003400962524452037
Mutagenic,20,Chi1v,0.004752711312059717
Mutagenic,20,Chi2n,0.015440488769677931
Mutagenic,20,Chi2v,0.009083208255471438
Mutagenic,20,Chi3n,0.008163654911166811
Mutagenic,20,Chi3v,0.0053127437492835545
Mutagenic,20,Chi4n,0.008943091112242476
Mutagenic,20,Chi4v,0.00563232851556006
Mutagenic,20,EState_VSA2,0.007352124960608781
Mutagenic,20,EState_VSA6,0.004151326745170565
Mutagenic,20,EState_VSA8,0.006948630952568404
Mutagenic,20,EState_VSA9,0.01518764071505189
Mutagenic,20,HallKierAlpha,0.007378998430646268
Mutagenic,20,HeavyAtomMolWt,0.006394836255279148
Mutagenic,20,Kappa1,0.012009527943962463
Mutagenic,20,Kappa2,0.008830249246172537
Mutagenic,20,Kappa3,0.010454083611485927
Mutagenic,20,MaxAbsEStateIndex,0.009475391660275622
Mutagenic,20,MaxAbsPartialCharge,0.0072287113629210436
Mutagenic,20,MaxEStateIndex,0.01185776052927648
Mutagenic,20,MaxPartialCharge,0.011927768039315566
Mutagenic,20,MinAbsEStateIndex,0.008579583235547084
Mutagenic,20,MinAbsPartialCharge,0.010653472340512561
Mutagenic,20,MinEStateIndex,0.010828055360993134
Mutagenic,20,MinPartialCharge,0.009235927775969687
Mutagenic,20,MolLogP,0.009852864089988256
Mutagenic,20,MolMR,0.008894562206445704
Mutagenic,20,MolWt,0.006382872068551469
Mutagenic,20,NumValenceElectrons,0.004660696820835943
Mutagenic,20,PEOE_VSA6,0.009085796064120194
Mutagenic,20,PEOE_VSA9,0.007352188830878298
Mutagenic,20,SMR_VSA1,0.006999563908988747
Mutagenic,20,SMR_VSA10,0.035092307968917096
Mutagenic,20,SMR_VSA7,0.010382325777132632
Mutagenic,20,SlogP_VSA2,0.010237857633884247
Mutagenic,20,SlogP_VSA3,0.034346110702418366
Mutagenic,20,TPSA,0.007295999810158263
Mutagenic,20,VSA_EState1,0.006729129423296106
Mutagenic,20,VSA_EState10,0.0040558501888982145
Mutagenic,20,VSA_EState5,0.009320296968416427
Mutagenic,20,VSA_EState7,0.0071944206440529524
Mutagenic,20,VSA_EState8,0.006807723449135326
Mutagenic,21,BalabanJ,0.017749500736124066
Mutagenic,21,BertzCT,0.008775360440752757
Mutagenic,21,Chi0,0.0018667283412793138
Mutagenic,21,Chi0n,0.005165421978270055
Mutagenic,21,Chi0v,0.006808750614000356
Mutagenic,21,Chi1,0.004367846009766131
Mutagenic,21,Chi1n,0.003940582425099337
Mutagenic,21,Chi1v,0.0034686764535303647
Mutagenic,21,Chi2n,0.010979689559638586
Mutagenic,21,Chi2v,0.006350865106319977
Mutagenic,21,Chi3n,0.005390194230724059
Mutagenic,21,Chi4n,0.005289099598478341
Mutagenic,21,EState_VSA2,0.007950289561208523
Mutagenic,21,EState_VSA5,0.004867466511295876
Mutagenic,21,EState_VSA9,0.02798070490090052
Mutagenic,21,HallKierAlpha,0.014306225842236267
Mutagenic,21,HeavyAtomMolWt,0.007363530301003886
Mutagenic,21,Kappa1,0.01050288093647955
Mutagenic,21,Kappa2,0.012416743949740471
Mutagenic,21,Kappa3,0.012733560861586165
Mutagenic,21,MaxAbsEStateIndex,0.011371944653396833
Mutagenic,21,MaxAbsPartialCharge,0.008379245352208249
Mutagenic,21,MaxEStateIndex,0.007951739688411695
Mutagenic,21,MaxPartialCharge,0.010889496767260884
Mutagenic,21,MinAbsEStateIndex,0.008224834053818377
Mutagenic,21,MinAbsPartialCharge,0.013311579595046297
Mutagenic,21,MinEStateIndex,0.010741130223214775
Mutagenic,21,MinPartialCharge,0.005585076033002666
Mutagenic,21,MolLogP,0.010398141931109241
Mutagenic,21,MolMR,0.008131124635709018
Mutagenic,21,MolWt,0.004615429507333634
Mutagenic,21,NumValenceElectrons,0.0038900871659182518
Mutagenic,21,PEOE_VSA6,0.008172630380599124
Mutagenic,21,SMR_VSA1,0.00856535313857511
Mutagenic,21,SMR_VSA10,0.025440864321167052
Mutagenic,21,SlogP_VSA2,0.009069612319471988
Mutagenic,21,SlogP_VSA3,0.03282012775095121
Mutagenic,21,TPSA,0.0048710892889173504
Mutagenic,21,VSA_EState10,0.010939943260873511
Mutagenic,21,VSA_EState4,0.03650819646033123
Mutagenic,21,VSA_EState5,0.006889248776841802
Mutagenic,21,VSA_EState7,0.015030834413689992
Mutagenic,21,VSA_EState8,0.009297164937394591
Mutagenic,22,BalabanJ,0.011366892144646956
Mutagenic,22,BertzCT,0.011337067422048784
Mutagenic,22,Chi0n,0.00519241027950099
Mutagenic,22,Chi0v,0.006878879529678233
Mutagenic,22,Chi1,0.007426320247362209
Mutagenic,22,Chi1n,0.004168507866618196
Mutagenic,22,Chi1v,0.010662406666196842
Mutagenic,22,Chi2n,0.015588294278247417
Mutagenic,22,Chi2v,0.0038922681577525787
Mutagenic,22,Chi3n,0.009469005741368629
Mutagenic,22,Chi3v,0.00416435552843395
Mutagenic,22,Chi4n,0.011873592026075802
Mutagenic,22,EState_VSA2,0.006871945159308598
Mutagenic,22,EState_VSA9,0.020547615133397982
Mutagenic,22,HallKierAlpha,0.014816177728039061
Mutagenic,22,HeavyAtomMolWt,0.006547753737712955
Mutagenic,22,Kappa1,0.012058020242177836
Mutagenic,22,Kappa2,0.01784831052855487
Mutagenic,22,Kappa3,0.010750221638319029
Mutagenic,22,MaxAbsEStateIndex,0.011724921409063923
Mutagenic,22,MaxAbsPartialCharge,0.015938290416657546
Mutagenic,22,MaxEStateIndex,0.01149617230035094
Mutagenic,22,MaxPartialCharge,0.013253471216966201
Mutagenic,22,MinAbsEStateIndex,0.009781405326744234
Mutagenic,22,MinAbsPartialCharge,0.009004377452911423
Mutagenic,22,MinEStateIndex,0.010834557710583163
Mutagenic,22,MinPartialCharge,0.012007182155011991
Mutagenic,22,MolLogP,0.007917346255926692
Mutagenic,22,MolMR,0.01731921183778383
Mutagenic,22,MolWt,0.007693251854094928
Mutagenic,22,NumValenceElectrons,0.004307673002839541
Mutagenic,22,PEOE_VSA1,0.0036438796546952087
Mutagenic,22,PEOE_VSA6,0.013300511442701245
Mutagenic,22,SMR_VSA1,0.00936633702619969
Mutagenic,22,SMR_VSA10,0.04959389489167236
Mutagenic,22,SMR_VSA7,0.0063998515015470684
Mutagenic,22,SlogP_VSA2,0.018775405156879667
Mutagenic,22,SlogP_VSA3,0.03091563044307927
Mutagenic,22,VSA_EState1,0.004451012703143425
Mutagenic,22,VSA_EState10,0.004663184076477874
Mutagenic,22,VSA_EState5,0.006666765817066569
Mutagenic,22,VSA_EState7,0.006225101496601301
Mutagenic,23,BalabanJ,0.010822464939576655
Mutagenic,23,BertzCT,0.010912852852020096
Mutagenic,23,Chi0,0.002543977335354537
Mutagenic,23,Chi0n,0.0030645722973428355
Mutagenic,23,Chi0v,0.009539231995824576
Mutagenic,23,Chi1n,0.002663184507756227
Mutagenic,23,Chi1v,0.005312859130940312
Mutagenic,23,Chi2n,0.008060888424767137
Mutagenic,23,Chi2v,0.005140929357090047
Mutagenic,23,Chi3v,0.007099625658143701
Mutagenic,23,Chi4n,0.0065243792805943605
Mutagenic,23,EState_VSA2,0.009163067999561302
Mutagenic,23,EState_VSA9,0.013221103006725937
Mutagenic,23,HallKierAlpha,0.018025024315319053
Mutagenic,23,HeavyAtomMolWt,0.00891396423042395
Mutagenic,23,Kappa1,0.020676558033984715
Mutagenic,23,Kappa2,0.016422936890638503
Mutagenic,23,Kappa3,0.010774408617091807
Mutagenic,23,MaxAbsEStateIndex,0.010537591181745904
Mutagenic,23,MaxAbsPartialCharge,0.006926142943761449
Mutagenic,23,MaxEStateIndex,0.00915895732264194
Mutagenic,23,MaxPartialCharge,0.01135835400129433
Mutagenic,23,MinAbsEStateIndex,0.015524504615047641
Mutagenic,23,MinAbsPartialCharge,0.008841194097500922
Mutagenic,23,MinEStateIndex,0.014519716659396205
Mutagenic,23,MinPartialCharge,0.008984692404131588
Mutagenic,23,MolLogP,0.008623879905606473
Mutagenic,23,MolMR,0.010245225419383943
Mutagenic,23,MolWt,0.00910702993275905
Mutagenic,23,NumHeteroatoms,0.004905115892296475
Mutagenic,23,NumValenceElectrons,0.004136929257438657
Mutagenic,23,PEOE_VSA1,0.005649438099087727
Mutagenic,23,PEOE_VSA6,0.010837569278532088
Mutagenic,23,SMR_VSA1,0.008576964750600375
Mutagenic,23,SMR_VSA10,0.0363054773987146
Mutagenic,23,SlogP_VSA2,0.011886115238840912
Mutagenic,23,SlogP_VSA3,0.037077938166694156
Mutagenic,23,VSA_EState1,0.005367143402034951
Mutagenic,23,VSA_EState10,0.008776306406490906
Mutagenic,23,VSA_EState4,0.02684606867853946
Mutagenic,23,VSA_EState5,0.011804176268176364
Mutagenic,23,VSA_EState7,0.01006167118442765
Mutagenic,24,BalabanJ,0.009648571133512477
Mutagenic,24,BertzCT,0.012684140714584076
Mutagenic,24,Chi0,0.005095489048789092
Mutagenic,24,Chi0n,0.004402505782523015
Mutagenic,24,Chi0v,0.017481388865823736
Mutagenic,24,Chi1n,0.005261683457563468
Mutagenic,24,Chi1v,0.00585157333218185
Mutagenic,24,Chi2n,0.006530497525259204
Mutagenic,24,Chi2v,0.005092733849910092
Mutagenic,24,Chi3n,0.011784545516677099
Mutagenic,24,Chi3v,0.0055099316069140945
Mutagenic,24,Chi4n,0.012266013052705506
Mutagenic,24,Chi4v,0.003547949675389515
Mutagenic,24,EState_VSA8,0.011572826167990788
Mutagenic,24,EState_VSA9,0.011747545068526603
Mutagenic,24,HallKierAlpha,0.00919513840556251
Mutagenic,24,HeavyAtomMolWt,0.008859501174857003
Mutagenic,24,Kappa1,0.013472825503780334
Mutagenic,24,Kappa2,0.012904902531774055
Mutagenic,24,Kappa3,0.008593363590909868
Mutagenic,24,MaxAbsEStateIndex,0.0133324106013941
Mutagenic,24,MaxAbsPartialCharge,0.007604169936988833
Mutagenic,24,MaxEStateIndex,0.01164936632331329
Mutagenic,24,MaxPartialCharge,0.012790002773349355
Mutagenic,24,MinAbsEStateIndex,0.008075434614549506
Mutagenic,24,MinAbsPartialCharge,0.010525816356735922
Mutagenic,24,MinEStateIndex,0.00971193539245643
Mutagenic,24,MinPartialCharge,0.0081772472961209
Mutagenic,24,MolLogP,0.010758750355743914
Mutagenic,24,MolMR,0.010696127827658542
Mutagenic,24,MolWt,0.009314567859998334
Mutagenic,24,NumValenceElectrons,0.0030960002387391194
Mutagenic,24,PEOE_VSA6,0.008831478296938396
Mutagenic,24,PEOE_VSA9,0.011926281921168087
Mutagenic,24,SMR_VSA1,0.00688788735521865
Mutagenic,24,SMR_VSA10,0.020033131424143022
Mutagenic,24,SMR_VSA5,0.0039480938604732774
Mutagenic,24,SlogP_VSA2,0.010863318835622434
Mutagenic,24,SlogP_VSA3,0.026688728031660704
Mutagenic,24,SlogP_VSA5,0.003251982136397182
Mutagenic,24,TPSA,0.010185459323016456
Mutagenic,24,VSA_EState1,0.007432137188768362
Mutagenic,24,VSA_EState10,0.005527531069916195
Mutagenic,24,VSA_EState2,0.0057458415277545135
Mutagenic,24,VSA_EState5,0.008059505489915452
Mutagenic,24,VSA_EState7,0.0064931956401962174
Mutagenic,25,BalabanJ,0.009041997864425229
Mutagenic,25,BertzCT,0.01067805556948892
Mutagenic,25,Chi0,0.0024154530654838875
Mutagenic,25,Chi0n,0.00743994581349215
Mutagenic,25,Chi0v,0.009263682764327227
Mutagenic,25,Chi1,0.005486415217364428
Mutagenic,25,Chi1n,0.006075933757005323
Mutagenic,25,Chi1v,0.007632731922314262
Mutagenic,25,Chi2n,0.0046961985160509975
Mutagenic,25,Chi2v,0.006033889963608315
Mutagenic,25,Chi3v,0.009493263750660442
Mutagenic,25,EState_VSA2,0.008749992903448496
Mutagenic,25,EState_VSA5,0.003048178676741011
Mutagenic,25,EState_VSA6,0.00519674928864215
Mutagenic,25,EState_VSA9,0.01270366273414699
Mutagenic,25,HallKierAlpha,0.017472146095973178
Mutagenic,25,HeavyAtomMolWt,0.008081014767457782
Mutagenic,25,Kappa1,0.012793921304519056
Mutagenic,25,Kappa2,0.013525718966874154
Mutagenic,25,Kappa3,0.007848002401809759
Mutagenic,25,MaxAbsEStateIndex,0.008441649169189479
Mutagenic,25,MaxAbsPartialCharge,0.00869656311940192
Mutagenic,25,MaxEStateIndex,0.006619243189060267
Mutagenic,25,MaxPartialCharge,0.010422570400805771
Mutagenic,25,MinAbsEStateIndex,0.00655442025317417
Mutagenic,25,MinAbsPartialCharge,0.008207913000442728
Mutagenic,25,MinEStateIndex,0.010091381379536335
Mutagenic,25,MinPartialCharge,0.008836071806053154
Mutagenic,25,MolLogP,0.008902449599943553
Mutagenic,25,MolMR,0.017602866278856735
Mutagenic,25,MolWt,0.008849823101806601
Mutagenic,25,NumValenceElectrons,0.004059674383902279
Mutagenic,25,PEOE_VSA1,0.0053866451837164845
Mutagenic,25,PEOE_VSA6,0.006011132545976951
Mutagenic,25,PEOE_VSA9,0.013644759184572027
Mutagenic,25,SMR_VSA1,0.007421040781058085
Mutagenic,25,SMR_VSA10,0.03277082736096739
Mutagenic,25,SlogP_VSA2,0.01342340796905803
Mutagenic,25,SlogP_VSA3,0.032919587910585475
Mutagenic,25,SlogP_VSA5,0.004903289325885366
Mutagenic,25,TPSA,0.007570339979331552
Mutagenic,25,VSA_EState1,0.009101805750305116
Mutagenic,25,VSA_EState4,0.026171625332246
Mutagenic,25,VSA_EState5,0.011059604455976785
Mutagenic,25,VSA_EState7,0.006831025806971638
Mutagenic,25,VSA_EState8,0.005637252812122689
Mutagenic,26,BalabanJ,0.00803588662445324
Mutagenic,26,BertzCT,0.010727475990309236
Mutagenic,26,Chi0,0.0033497073245487854
Mutagenic,26,Chi0n,0.005181961128772211
Mutagenic,26,Chi0v,0.006454054858486632
Mutagenic,26,Chi1n,0.006073113735225983
Mutagenic,26,Chi1v,0.006148756476433717
Mutagenic,26,Chi2n,0.009549029435786643
Mutagenic,26,Chi2v,0.007609346147363481
Mutagenic,26,Chi3n,0.013159521469659943
Mutagenic,26,Chi3v,0.008726428864002067
Mutagenic,26,EState_VSA2,0.0034978707194634616
Mutagenic,26,EState_VSA9,0.018725443698448453
Mutagenic,26,HallKierAlpha,0.008361436063658969
Mutagenic,26,HeavyAtomMolWt,0.004276081265037482
Mutagenic,26,Kappa1,0.012316449759110913
Mutagenic,26,Kappa2,0.009688010963167694
Mutagenic,26,Kappa3,0.009303696083556428
Mutagenic,26,MaxAbsEStateIndex,0.008923837206921517
Mutagenic,26,MaxAbsPartialCharge,0.011626407519644359
Mutagenic,26,MaxEStateIndex,0.009631354566774834
Mutagenic,26,MaxPartialCharge,0.01104665498204667
Mutagenic,26,MinAbsEStateIndex,0.005560915359216324
Mutagenic,26,MinAbsPartialCharge,0.009541715358493063
Mutagenic,26,MinEStateIndex,0.010712522427410125
Mutagenic,26,MinPartialCharge,0.011089256852813728
Mutagenic,26,MolLogP,0.0059262452877611735
Mutagenic,26,MolMR,0.017628822229249604
Mutagenic,26,MolWt,0.009188117830614878
Mutagenic,26,NumHeteroatoms,0.0068857568066331394
Mutagenic,26,NumValenceElectrons,0.00430342017771325
Mutagenic,26,PEOE_VSA1,0.004808870710513742
Mutagenic,26,PEOE_VSA14,0.012301310099538026
Mutagenic,26,PEOE_VSA6,0.00875806544784881
Mutagenic,26,SMR_VSA1,0.005901171652484123
Mutagenic,26,SMR_VSA10,0.04866791855626384
Mutagenic,26,SMR_VSA5,0.006573111406561898
Mutagenic,26,SlogP_VSA2,0.012033575325307883
Mutagenic,26,SlogP_VSA3,0.023251417884027417
Mutagenic,26,VSA_EState10,0.0055857914194576315
Mutagenic,26,VSA_EState5,0.010665867433935433
Mutagenic,26,VSA_EState7,0.01347328212164941
Mutagenic,26,VSA_EState8,0.008459730219712516
Mutagenic,27,BalabanJ,0.012395865336121475
Mutagenic,27,BertzCT,0.011314367140462243
Mutagenic,27,Chi0n,0.006958984762784448
Mutagenic,27,Chi0v,0.008496215697179595
Mutagenic,27,Chi1,0.008529313119337861
Mutagenic,27,Chi1n,0.005414460088119242
Mutagenic,27,Chi1v,0.004923083964584637
Mutagenic,27,Chi2n,0.00927259014696726
Mutagenic,27,Chi2v,0.005103428592220394
Mutagenic,27,Chi3n,0.012179894204641427
Mutagenic,27,Chi4n,0.01423947659167604
Mutagenic,27,EState_VSA2,0.005560163088326116
Mutagenic,27,EState_VSA9,0.01390042062401134
Mutagenic,27,HallKierAlpha,0.010658895471304759
Mutagenic,27,HeavyAtomCount,0.0015937624540764853
Mutagenic,27,HeavyAtomMolWt,0.010422506063867463
Mutagenic,27,Kappa1,0.010342638988629678
Mutagenic,27,Kappa2,0.009618833695837334
Mutagenic,27,Kappa3,0.007378207949411855
Mutagenic,27,MaxAbsEStateIndex,0.007775035026223296
Mutagenic,27,MaxAbsPartialCharge,0.008183680504860433
Mutagenic,27,MaxEStateIndex,0.0053621901547505554
Mutagenic,27,MaxPartialCharge,0.012132961953791372
Mutagenic,27,MinAbsEStateIndex,0.008256683486363619
Mutagenic,27,MinAbsPartialCharge,0.006772548769014445
Mutagenic,27,MinEStateIndex,0.011339402038388187
Mutagenic,27,MinPartialCharge,0.009932912771818608
Mutagenic,27,MolLogP,0.008720115137344482
Mutagenic,27,MolMR,0.013128106299800964
Mutagenic,27,MolWt,0.008893679568295515
Mutagenic,27,NumValenceElectrons,0.004117789852371332
Mutagenic,27,PEOE_VSA6,0.004821506328141801
Mutagenic,27,SMR_VSA1,0.008300195728915083
Mutagenic,27,SMR_VSA10,0.029494043918760194
Mutagenic,27,SlogP_VSA2,0.031560975086783766
Mutagenic,27,SlogP_VSA3,0.029798296982514405
Mutagenic,27,SlogP_VSA6,0.01405890571687357
Mutagenic,27,VSA_EState1,0.003697273979746711
Mutagenic,27,VSA_EState2,0.003319831402936717
Mutagenic,27,VSA_EState3,0.004321254197830783
Mutagenic,27,VSA_EState4,0.015582784020869352
Mutagenic,27,VSA_EState5,0.013328535570631838
Mutagenic,27,VSA_EState7,0.005550726773401086
Mutagenic,27,VSA_EState8,0.007565111192921369
Mutagenic,28,BalabanJ,0.013545236804405239
Mutagenic,28,BertzCT,0.00941123809690686
Mutagenic,28,Chi0,0.0035709741587086215
Mutagenic,28,Chi0n,0.004733783021690795
Mutagenic,28,Chi0v,0.009929621825627656
Mutagenic,28,Chi1,0.0034458263684154678
Mutagenic,28,Chi1n,0.004712810102462295
Mutagenic,28,Chi1v,0.008331662546750506
Mutagenic,28,Chi2n,0.0077747847581596625
Mutagenic,28,Chi2v,0.0054792391196557865
Mutagenic,28,Chi3n,0.0066626690459367826
Mutagenic,28,Chi4n,0.008939859168217759
Mutagenic,28,Chi4v,0.005866972404939381
Mutagenic,28,EState_VSA2,0.01430497726753975
Mutagenic,28,EState_VSA9,0.022935280682607456
Mutagenic,28,HallKierAlpha,0.015602699088789841
Mutagenic,28,HeavyAtomCount,0.001402784032119441
Mutagenic,28,HeavyAtomMolWt,0.008402213327492764
Mutagenic,28,Kappa1,0.011199856356328312
Mutagenic,28,Kappa2,0.013633816907562128
Mutagenic,28,Kappa3,0.011470917502399274
Mutagenic,28,MaxAbsEStateIndex,0.009938344865448508
Mutagenic,28,MaxAbsPartialCharge,0.006465463245097333
Mutagenic,28,MaxEStateIndex,0.01194977450672399
Mutagenic,28,MaxPartialCharge,0.02127408309954632
Mutagenic,28,MinAbsEStateIndex,0.01154974888493833
Mutagenic,28,MinAbsPartialCharge,0.012666290428538316
Mutagenic,28,MinEStateIndex,0.011909983642988056
Mutagenic,28,MinPartialCharge,0.009702800396431973
Mutagenic,28,MolLogP,0.009975126448977887
Mutagenic,28,MolMR,0.011421447452778845
Mutagenic,28,MolWt,0.006828954859030019
Mutagenic,28,NumHeteroatoms,0.0054084612457132725
Mutagenic,28,NumValenceElectrons,0.001917732422914493
Mutagenic,28,PEOE_VSA1,0.005689391757609014
Mutagenic,28,PEOE_VSA6,0.006684809607579601
Mutagenic,28,PEOE_VSA7,0.011677937902188896
Mutagenic,28,SMR_VSA1,0.00866246933057034
Mutagenic,28,SMR_VSA10,0.02793288113368334
Mutagenic,28,SMR_VSA5,0.005140202019468113
Mutagenic,28,SlogP_VSA2,0.009702153147145134
Mutagenic,28,SlogP_VSA3,0.02781164921452304
Mutagenic,28,SlogP_VSA5,0.0049992795332920986
Mutagenic,28,VSA_EState1,0.0024466670897104787
Mutagenic,28,VSA_EState10,0.005713125786313564
Mutagenic,28,VSA_EState5,0.007707029196926108
Mutagenic,28,VSA_EState7,0.008663319887227322
Mutagenic,28,VSA_EState8,0.006419610600388539
Mutagenic,29,BalabanJ,0.01154123710781857
Mutagenic,29,BertzCT,0.011352714268300805
Mutagenic,29,Chi0,0.004009547844905884
Mutagenic,29,Chi0n,0.003021471377505185
Mutagenic,29,Chi0v,0.008238133698558346
Mutagenic,29,Chi1n,0.0037459829256653336
Mutagenic,29,Chi1v,0.005328363331478714
Mutagenic,29,Chi2n,0.010655858558933766
Mutagenic,29,Chi2v,0.00846697094501803
Mutagenic,29,Chi3n,0.0034386351566858754
Mutagenic,29,Chi3v,0.004313069389587024
Mutagenic,29,Chi4n,0.009819425863317553
Mutagenic,29,EState_VSA2,0.004436483013523038
Mutagenic,29,EState_VSA9,0.013805336296903727
Mutagenic,29,HallKierAlpha,0.01311265960343745
Mutagenic,29,HeavyAtomMolWt,0.014112384677913202
Mutagenic,29,Kappa1,0.014619786541418068
Mutagenic,29,Kappa2,0.010034159123326098
Mutagenic,29,Kappa3,0.007605539273266062
Mutagenic,29,MaxAbsEStateIndex,0.011038134725875436
Mutagenic,29,MaxAbsPartialCharge,0.008512701160340176
Mutagenic,29,MaxEStateIndex,0.010263553004421
Mutagenic,29,MaxPartialCharge,0.012407598827385413
Mutagenic,29,MinAbsEStateIndex,0.015044622008567958
Mutagenic,29,MinAbsPartialCharge,0.008925128751389896
Mutagenic,29,MinEStateIndex,0.015767331586889925
Mutagenic,29,MinPartialCharge,0.00479373087727133
Mutagenic,29,MolLogP,0.009688884306750535
Mutagenic,29,MolMR,0.014644709349072534
Mutagenic,29,MolWt,0.00660742845284067
Mutagenic,29,NumValenceElectrons,0.0031875259388164726
Mutagenic,29,PEOE_VSA6,0.0103529233977111
Mutagenic,29,SMR_VSA1,0.004497034803897471
Mutagenic,29,SMR_VSA10,0.05503332519437353
Mutagenic,29,SMR_VSA3,0.007364457652059633
Mutagenic,29,SMR_VSA5,0.005078179620698432
Mutagenic,29,SlogP_VSA2,0.005932919253278715
Mutagenic,29,SlogP_VSA3,0.027456054213000625
Mutagenic,29,VSA_EState1,0.007626466336325751
Mutagenic,29,VSA_EState10,0.004768191273423353
Mutagenic,29,VSA_EState4,0.023592046677168174
Mutagenic,29,VSA_EState5,0.010006470687884527
Mutagenic,29,VSA_EState7,0.007430978942475962
Mutagenic,29,VSA_EState8,0.0063957115217472245
Mutagenic,30,BalabanJ,0.011662458736920542
Mutagenic,30,BertzCT,0.01374579193003673
Mutagenic,30,Chi0,0.003617340216157782
Mutagenic,30,Chi0n,0.0032531967807075124
Mutagenic,30,Chi0v,0.0072863206320034485
Mutagenic,30,Chi1,0.007380254182226215
Mutagenic,30,Chi1n,0.0027720501168421647
Mutagenic,30,Chi1v,0.0058678508187510695
Mutagenic,30,Chi2n,0.008051935396169224
Mutagenic,30,Chi2v,0.00527695078823505
Mutagenic,30,Chi3n,0.004257787518146712
Mutagenic,30,Chi3v,0.004154967683656376
Mutagenic,30,Chi4n,0.014044281903533563
Mutagenic,30,Chi4v,0.004740370677158337
Mutagenic,30,EState_VSA2,0.005861592511793279
Mutagenic,30,EState_VSA8,0.0061769755601659496
Mutagenic,30,EState_VSA9,0.015558377633983468
Mutagenic,30,HallKierAlpha,0.010287368467614171
Mutagenic,30,HeavyAtomMolWt,0.007219231829690828
Mutagenic,30,Kappa1,0.010350236189338257
Mutagenic,30,Kappa2,0.012302181342193963
Mutagenic,30,Kappa3,0.008511650993095365
Mutagenic,30,MaxAbsEStateIndex,0.006191361751061692
Mutagenic,30,MaxAbsPartialCharge,0.0077222786023649825
Mutagenic,30,MaxEStateIndex,0.009771747211223245
Mutagenic,30,MaxPartialCharge,0.009438066204500672
Mutagenic,30,MinAbsEStateIndex,0.014106521546346815
Mutagenic,30,MinAbsPartialCharge,0.006191933143373156
Mutagenic,30,MinEStateIndex,0.011016911659283526
Mutagenic,30,MinPartialCharge,0.011702475110588846
Mutagenic,30,MolLogP,0.005969987818314746
Mutagenic,30,MolMR,0.014476040074276348
Mutagenic,30,MolWt,0.005046695948624739
Mutagenic,30,NumValenceElectrons,0.0033700703409665716
Mutagenic,30,PEOE_VSA1,0.0049076358636059485
Mutagenic,30,PEOE_VSA14,0.0057033658602662785
Mutagenic,30,PEOE_VSA6,0.01369965685698776
Mutagenic,30,PEOE_VSA7,0.017028966685718606
Mutagenic,30,SMR_VSA1,0.007241625409797058
Mutagenic,30,SMR_VSA10,0.022191309231788907
Mutagenic,30,SlogP_VSA2,0.01288888811336295
Mutagenic,30,SlogP_VSA3,0.027258553257209134
Mutagenic,30,VSA_EState1,0.0048529540097487145
Mutagenic,30,VSA_EState10,0.0030031688482815696
Mutagenic,30,VSA_EState2,0.010490850511281713
Mutagenic,30,VSA_EState5,0.008429531372013067
Mutagenic,30,VSA_EState7,0.014453757998786222
Mutagenic,30,VSA_EState8,0.009004611134450098
Mutagenic,31,BalabanJ,0.010136890140811788
Mutagenic,31,BertzCT,0.01100659934118993
Mutagenic,31,Chi0n,0.008706363953520962
Mutagenic,31,Chi0v,0.009090031727150035
Mutagenic,31,Chi1n,0.006300181077409907
Mutagenic,31,Chi1v,0.005002625336239527
Mutagenic,31,Chi2n,0.008187353270519296
Mutagenic,31,Chi2v,0.004377287968948039
Mutagenic,31,Chi3n,0.01170619991393428
Mutagenic,31,Chi3v,0.008519117976395249
Mutagenic,31,Chi4n,0.011194488737197616
Mutagenic,31,Chi4v,0.006506494439043167
Mutagenic,31,EState_VSA2,0.007211168905852111
Mutagenic,31,EState_VSA9,0.01682387850874454
Mutagenic,31,HallKierAlpha,0.009633940275395218
Mutagenic,31,HeavyAtomMolWt,0.007684925699025848
Mutagenic,31,Kappa1,0.010431415140360894
Mutagenic,31,Kappa2,0.012683733617123456
Mutagenic,31,Kappa3,0.01283872003094871
Mutagenic,31,MaxAbsEStateIndex,0.010255887055785546
Mutagenic,31,MaxAbsPartialCharge,0.00965835437528281
Mutagenic,31,MaxEStateIndex,0.008438478106344894
Mutagenic,31,MaxPartialCharge,0.010191516985417901
Mutagenic,31,MinAbsEStateIndex,0.0067617157691807345
Mutagenic,31,MinAbsPartialCharge,0.005613086930651351
Mutagenic,31,MinEStateIndex,0.01109341182048805
Mutagenic,31,MinPartialCharge,0.013266273467628504
Mutagenic,31,MolLogP,0.006977592848881278
Mutagenic,31,MolMR,0.012823336122409889
Mutagenic,31,MolWt,0.010550792153366554
Mutagenic,31,NumHeteroatoms,0.004478759722187072
Mutagenic,31,NumValenceElectrons,0.008842488269855038
Mutagenic,31,PEOE_VSA6,0.010006013855687888
Mutagenic,31,SMR_VSA1,0.008367833092629173
Mutagenic,31,SMR_VSA10,0.041164765774822504
Mutagenic,31,SlogP_VSA2,0.020619921270270226
Mutagenic,31,SlogP_VSA3,0.030791028993903728
Mutagenic,31,SlogP_VSA5,0.004276169575198331
Mutagenic,31,VSA_EState10,0.005717043522796064
Mutagenic,31,VSA_EState2,0.00761433761433312
Mutagenic,31,VSA_EState5,0.013079438037654578
Mutagenic,31,VSA_EState7,0.009180599117102933
Mutagenic,31,VSA_EState8,0.006022036923309469
Mutagenic,32,BalabanJ,0.008834347706122276
Mutagenic,32,BertzCT,0.01167524413402598
Mutagenic,32,Chi0n,0.009307229799996151
Mutagenic,32,Chi0v,0.01054448623080005
Mutagenic,32,Chi1,0.005818360134347263
Mutagenic,32,Chi1n,0.00522069893660261
Mutagenic,32,Chi1v,0.004501234356011942
Mutagenic,32,Chi2n,0.013341071363685068
Mutagenic,32,Chi2v,0.007959425409627099
Mutagenic,32,Chi3n,0.005631932160487838
Mutagenic,32,Chi3v,0.004227230976288284
Mutagenic,32,Chi4n,0.005360620790335379
Mutagenic,32,Chi4v,0.0034733815820261367
Mutagenic,32,EState_VSA10,0.0026331846461545927
Mutagenic,32,EState_VSA2,0.007393221467512397
Mutagenic,32,EState_VSA9,0.015791338844375422
Mutagenic,32,HallKierAlpha,0.012124732423215264
Mutagenic,32,HeavyAtomMolWt,0.011855130069124913
Mutagenic,32,Kappa1,0.011657247098985695
Mutagenic,32,Kappa2,0.014825839259085217
Mutagenic,32,Kappa3,0.009148149917013964
Mutagenic,32,MaxAbsEStateIndex,0.009886605396241184
Mutagenic,32,MaxAbsPartialCharge,0.009530008524446095
Mutagenic,32,MaxEStateIndex,0.011089904212485357
Mutagenic,32,MaxPartialCharge,0.013592110336994671
Mutagenic,32,MinAbsEStateIndex,0.007223381217793014
Mutagenic,32,MinAbsPartialCharge,0.00792747757641952
Mutagenic,32,MinEStateIndex,0.009400496080770884
Mutagenic,32,MinPartialCharge,0.01549901176361516
Mutagenic,32,MolLogP,0.008196847235513529
Mutagenic,32,MolMR,0.012174352756717851
Mutagenic,32,MolWt,0.008278762034312593
Mutagenic,32,NumHeteroatoms,0.005470255963568491
Mutagenic,32,PEOE_VSA6,0.008297841752243417
Mutagenic,32,PEOE_VSA9,0.008707696319713984
Mutagenic,32,SMR_VSA1,0.008852332402456009
Mutagenic,32,SMR_VSA10,0.03189232876959619
Mutagenic,32,SlogP_VSA2,0.006660031553022513
Mutagenic,32,SlogP_VSA3,0.03920547469900939
Mutagenic,32,VSA_EState10,0.005011610098459382
Mutagenic,32,VSA_EState2,0.011298597758815239
Mutagenic,32,VSA_EState5,0.01017392018468988
Mutagenic,32,VSA_EState7,0.005957392866008741
Mutagenic,32,VSA_EState8,0.006488046352439855
Mutagenic,33,BalabanJ,0.012320885647700668
Mutagenic,33,BertzCT,0.012358982728995927
Mutagenic,33,Chi0,0.003719382427254994
Mutagenic,33,Chi0n,0.003925691388227927
Mutagenic,33,Chi0v,0.007292166094058303
Mutagenic,33,Chi1,0.0036941245346309008
Mutagenic,33,Chi1n,0.0048976682118643585
Mutagenic,33,Chi1v,0.012175778751385471
Mutagenic,33,Chi2n,0.008739985963225907
Mutagenic,33,Chi2v,0.006597189854563185
Mutagenic,33,Chi3n,0.004024419127869652
Mutagenic,33,Chi3v,0.007823046160497808
Mutagenic,33,Chi4n,0.00911848166129205
Mutagenic,33,Chi4v,0.004069196719565103
Mutagenic,33,EState_VSA2,0.012464526487701803
Mutagenic,33,EState_VSA6,0.0072801765014724835
Mutagenic,33,EState_VSA9,0.01868999350734303
Mutagenic,33,HallKierAlpha,0.009938798348341858
Mutagenic,33,HeavyAtomMolWt,0.009399710229253294
Mutagenic,33,Kappa1,0.011349880844038209
Mutagenic,33,Kappa2,0.00985554973895739
Mutagenic,33,Kappa3,0.006435294891886473
Mutagenic,33,MaxAbsEStateIndex,0.014178332064609795
Mutagenic,33,MaxAbsPartialCharge,0.008983127947747832
Mutagenic,33,MaxEStateIndex,0.015241843201226577
Mutagenic,33,MaxPartialCharge,0.014507211904856255
Mutagenic,33,MinAbsEStateIndex,0.0071617889120813944
Mutagenic,33,MinAbsPartialCharge,0.008868330054635583
Mutagenic,33,MinEStateIndex,0.009136752639067759
Mutagenic,33,MinPartialCharge,0.010155909594278405
Mutagenic,33,MolLogP,0.007754517700470191
Mutagenic,33,MolMR,0.016165735278641465
Mutagenic,33,MolWt,0.005352578585464658
Mutagenic,33,NumValenceElectrons,0.0026854175057674807
Mutagenic,33,PEOE_VSA1,0.007273246326647741
Mutagenic,33,PEOE_VSA6,0.010721779320052915
Mutagenic,33,PEOE_VSA9,0.00874058753602233
Mutagenic,33,SMR_VSA1,0.00927363324635751
Mutagenic,33,SMR_VSA10,0.029626371309862592
Mutagenic,33,SlogP_VSA2,0.00903182390435979
Mutagenic,33,SlogP_VSA3,0.025324814887215535
Mutagenic,33,VSA_EState1,0.0034814459539906245
Mutagenic,33,VSA_EState10,0.007250711597556617
Mutagenic,33,VSA_EState2,0.009190790017243721
Mutagenic,33,VSA_EState5,0.009784339517804039
Mutagenic,33,VSA_EState7,0.006122135721961419
Mutagenic,33,VSA_EState8,0.0033105851481650857
Mutagenic,34,BalabanJ,0.012564320778068055
Mutagenic,34,BertzCT,0.013332779719100577
Mutagenic,34,Chi0,0.002480450625021901
Mutagenic,34,Chi0n,0.004414476935593845
Mutagenic,34,Chi0v,0.007219569698832062
Mutagenic,34,Chi1,0.0024280685869909596
Mutagenic,34,Chi1n,0.00516306337331703
Mutagenic,34,Chi1v,0.005910877080989666
Mutagenic,34,Chi2n,0.012018739058475187
Mutagenic,34,Chi2v,0.010416630859854947
Mutagenic,34,Chi3n,0.003697187547443144
Mutagenic,34,Chi3v,0.004801417124563056
Mutagenic,34,Chi4n,0.005950706165018483
Mutagenic,34,Chi4v,0.005785912220606376
Mutagenic,34,EState_VSA2,0.0060596580039194445
Mutagenic,34,HallKierAlpha,0.010379056910697754
Mutagenic,34,HeavyAtomMolWt,0.004781335036047105
Mutagenic,34,Kappa1,0.012609996043645688
Mutagenic,34,Kappa2,0.010234468204659144
Mutagenic,34,Kappa3,0.01162548619102518
Mutagenic,34,MaxAbsEStateIndex,0.0062678932851695885
Mutagenic,34,MaxAbsPartialCharge,0.01420319948597526
Mutagenic,34,MaxEStateIndex,0.006697173092282856
Mutagenic,34,MaxPartialCharge,0.012313022759888874
Mutagenic,34,MinAbsEStateIndex,0.014551385596349423
Mutagenic,34,MinAbsPartialCharge,0.00506671092623487
Mutagenic,34,MinEStateIndex,0.012244993266981058
Mutagenic,34,MinPartialCharge,0.009997220980391023
Mutagenic,34,MolLogP,0.00655477666037361
Mutagenic,34,MolMR,0.012698614423773551
Mutagenic,34,MolWt,0.00639069595341873
Mutagenic,34,NumHeteroatoms,0.005544434910454579
Mutagenic,34,NumValenceElectrons,0.0029983903786632757
Mutagenic,34,PEOE_VSA6,0.015360191876445245
Mutagenic,34,SMR_VSA1,0.004972749622399103
Mutagenic,34,SMR_VSA10,0.03904350482216188
Mutagenic,34,SMR_VSA7,0.008600706386087495
Mutagenic,34,SlogP_VSA2,0.012572306316937221
Mutagenic,34,SlogP_VSA3,0.028761753039625276
Mutagenic,34,SlogP_VSA5,0.007712891350387703
Mutagenic,34,TPSA,0.007186400369182211
Mutagenic,34,VSA_EState2,0.005413648049906501
Mutagenic,34,VSA_EState4,0.020212812892114487
Mutagenic,34,VSA_EState5,0.009948136802857884
Mutagenic,34,VSA_EState7,0.01238002288635757
Mutagenic,34,VSA_EState8,0.008223909387952814
Mutagenic,35,BalabanJ,0.007764969384678324
Mutagenic,35,BertzCT,0.013040073190305335
Mutagenic,35,Chi0,0.004306581332495971
Mutagenic,35,Chi0n,0.005847410014760355
Mutagenic,35,Chi0v,0.011676811501263401
Mutagenic,35,Chi1n,0.005226384992875568
Mutagenic,35,Chi1v,0.015144343523608158
Mutagenic,35,Chi2n,0.006039681435860832
Mutagenic,35,Chi2v,0.004833468510460615
Mutagenic,35,Chi3n,0.008287671420770837
Mutagenic,35,Chi3v,0.007081560932360929
Mutagenic,35,Chi4n,0.009273260195002866
Mutagenic,35,EState_VSA2,0.009591628619310738
Mutagenic,35,EState_VSA9,0.017609916691158214
Mutagenic,35,HallKierAlpha,0.010297201485944226
Mutagenic,35,HeavyAtomMolWt,0.012765636438926592
Mutagenic,35,Kappa1,0.018783901315385012
Mutagenic,35,Kappa2,0.01092779917071589
Mutagenic,35,Kappa3,0.007628342055504173
Mutagenic,35,MaxAbsEStateIndex,0.008774661957463006
Mutagenic,35,MaxAbsPartialCharge,0.010364202966803928
Mutagenic,35,MaxEStateIndex,0.008077006547848821
Mutagenic,35,MaxPartialCharge,0.010702469600339036
Mutagenic,35,MinAbsEStateIndex,0.012395939432734518
Mutagenic,35,MinAbsPartialCharge,0.010214968937282501
Mutagenic,35,MinEStateIndex,0.009921852372090138
Mutagenic,35,MinPartialCharge,0.013587212382482398
Mutagenic,35,MolLogP,0.007229764483878505
Mutagenic,35,MolMR,0.00858586157221214
Mutagenic,35,MolWt,0.011646430114012863
Mutagenic,35,NumValenceElectrons,0.004749949489360461
Mutagenic,35,PEOE_VSA1,0.00645917167373096
Mutagenic,35,PEOE_VSA6,0.00942337018454149
Mutagenic,35,SMR_VSA1,0.009727109449485074
Mutagenic,35,SMR_VSA10,0.03110115492274173
Mutagenic,35,SlogP_VSA2,0.012642939870512758
Mutagenic,35,SlogP_VSA3,0.021361516860367896
Mutagenic,35,VSA_EState1,0.003684420677313575
Mutagenic,35,VSA_EState2,0.0058271065971849285
Mutagenic,35,VSA_EState3,0.006943495811232489
Mutagenic,35,VSA_EState5,0.008831236894144768
Mutagenic,35,VSA_EState7,0.004477383750915279
Mutagenic,35,VSA_EState8,0.006002669516291894
Mutagenic,36,BalabanJ,0.009554358508560639
Mutagenic,36,BertzCT,0.009419248190996135
Mutagenic,36,Chi0n,0.0044403095984909035
Mutagenic,36,Chi0v,0.0056716280915679014
Mutagenic,36,Chi1,0.010720994422500138
Mutagenic,36,Chi1n,0.00560158239355481
Mutagenic,36,Chi1v,0.005650341978938579
Mutagenic,36,Chi2n,0.009106741670782405
Mutagenic,36,Chi2v,0.004284728037840691
Mutagenic,36,Chi3n,0.0046025517412044145
Mutagenic,36,Chi4n,0.0063003394349114466
Mutagenic,36,Chi4v,0.006771218264268459
Mutagenic,36,EState_VSA2,0.007222328420927086
Mutagenic,36,EState_VSA5,0.0038376827864845114
Mutagenic,36,EState_VSA6,0.01053231200299438
Mutagenic,36,EState_VSA9,0.019436513523621187
Mutagenic,36,HallKierAlpha,0.010664764847070593
Mutagenic,36,HeavyAtomMolWt,0.006359581177692873
Mutagenic,36,Kappa1,0.017026430533274867
Mutagenic,36,Kappa2,0.01340412799932531
Mutagenic,36,Kappa3,0.010511500874698446
Mutagenic,36,MaxAbsEStateIndex,0.008804854695477057
Mutagenic,36,MaxAbsPartialCharge,0.010961516393225052
Mutagenic,36,MaxEStateIndex,0.008214687780508817
Mutagenic,36,MaxPartialCharge,0.010739931965777778
Mutagenic,36,MinAbsEStateIndex,0.008546576453057285
Mutagenic,36,MinAbsPartialCharge,0.008719951797682117
Mutagenic,36,MinEStateIndex,0.012982761450055594
Mutagenic,36,MinPartialCharge,0.0098381681084536
Mutagenic,36,MolLogP,0.008580126177316464
Mutagenic,36,MolMR,0.012432081143009659
Mutagenic,36,MolWt,0.006834603328026201
Mutagenic,36,NumHeteroatoms,0.003214055328854959
Mutagenic,36,NumValenceElectrons,0.0034143471687282947
Mutagenic,36,PEOE_VSA6,0.006774766940913851
Mutagenic,36,PEOE_VSA7,0.010483153245702212
Mutagenic,36,SMR_VSA1,0.01065171623044986
Mutagenic,36,SMR_VSA10,0.03095150916408292
Mutagenic,36,SMR_VSA7,0.005684484640306568
Mutagenic,36,SlogP_VSA2,0.012325095385960286
Mutagenic,36,SlogP_VSA3,0.028445210915631427
Mutagenic,36,VSA_EState1,0.0038282551844030367
Mutagenic,36,VSA_EState10,0.005145106877457779
Mutagenic,36,VSA_EState3,0.003967425168701908
Mutagenic,36,VSA_EState5,0.01005950925511489
Mutagenic,36,VSA_EState7,0.010088352459877924
Mutagenic,36,VSA_EState8,0.006668099412081474
Mutagenic,37,BalabanJ,0.011803580867759138
Mutagenic,37,BertzCT,0.01047394803780757
Mutagenic,37,Chi0n,0.004660036885065807
Mutagenic,37,Chi0v,0.008773215504935155
Mutagenic,37,Chi1,0.0070218971976427035
Mutagenic,37,Chi1n,0.0023287757485661144
Mutagenic,37,Chi1v,0.00562892067067944
Mutagenic,37,Chi2n,0.008705580975392452
Mutagenic,37,Chi2v,0.005726486239603774
Mutagenic,37,Chi3n,0.007841042061715629
Mutagenic,37,Chi3v,0.005154936299944055
Mutagenic,37,EState_VSA2,0.006723915281693333
Mutagenic,37,EState_VSA5,0.006481807776605698
Mutagenic,37,HallKierAlpha,0.007953000475907612
Mutagenic,37,HeavyAtomMolWt,0.009512536649048957
Mutagenic,37,Kappa1,0.015606706450993832
Mutagenic,37,Kappa2,0.012386753763034924
Mutagenic,37,Kappa3,0.006258269007206403
Mutagenic,37,MaxAbsEStateIndex,0.01012642615754891
Mutagenic,37,MaxAbsPartialCharge,0.011344919422917758
Mutagenic,37,MaxEStateIndex,0.01063530382058186
Mutagenic,37,MaxPartialCharge,0.013314132114904788
Mutagenic,37,MinAbsEStateIndex,0.00883970686819262
Mutagenic,37,MinAbsPartialCharge,0.007820135207528372
Mutagenic,37,MinEStateIndex,0.008210158891648575
Mutagenic,37,MinPartialCharge,0.011134529275375784
Mutagenic,37,MolLogP,0.010766373465398682
Mutagenic,37,MolMR,0.009025071563761896
Mutagenic,37,MolWt,0.005633027398972386
Mutagenic,37,NumValenceElectrons,0.0049456747369423385
Mutagenic,37,PEOE_VSA6,0.015287804726562318
Mutagenic,37,PEOE_VSA8,0.007018535719154753
Mutagenic,37,SMR_VSA1,0.009649460735040393
Mutagenic,37,SMR_VSA10,0.02357721875862638
Mutagenic,37,SMR_VSA5,0.005204638796007614
Mutagenic,37,SlogP_VSA2,0.011314251162660893
Mutagenic,37,SlogP_VSA3,0.03051815614578342
Mutagenic,37,SlogP_VSA5,0.0047064426553642645
Mutagenic,37,VSA_EState1,0.006443354812935528
Mutagenic,37,VSA_EState10,0.003604394918018859
Mutagenic,37,VSA_EState4,0.017168422610847115
Mutagenic,37,VSA_EState5,0.020506753142422486
Mutagenic,37,VSA_EState6,0.012821136300631551
Mutagenic,37,VSA_EState7,0.0033355472497163486
Mutagenic,37,VSA_EState8,0.005289734108694374
Mutagenic,38,BalabanJ,0.008156033642868694
Mutagenic,38,BertzCT,0.012199851411511009
Mutagenic,38,Chi0n,0.005433497664738708
Mutagenic,38,Chi0v,0.008713312295071681
Mutagenic,38,Chi1,0.006125523687227363
Mutagenic,38,Chi1n,0.006089674478281227
Mutagenic,38,Chi1v,0.0056928906471551645
Mutagenic,38,Chi2n,0.011094284954961398
Mutagenic,38,Chi2v,0.006209068506317174
Mutagenic,38,Chi3n,0.005526106202183692
Mutagenic,38,Chi3v,0.005755012119913767
Mutagenic,38,Chi4n,0.004792317478790165
Mutagenic,38,EState_VSA2,0.0067949867452136515
Mutagenic,38,EState_VSA8,0.009302618420079557
Mutagenic,38,EState_VSA9,0.021782386654920393
Mutagenic,38,HallKierAlpha,0.014360209704351394
Mutagenic,38,HeavyAtomCount,0.0011408980413708967
Mutagenic,38,HeavyAtomMolWt,0.006196682329431126
Mutagenic,38,Kappa1,0.021638487648901226
Mutagenic,38,Kappa2,0.012985934577089409
Mutagenic,38,Kappa3,0.009154018516775263
Mutagenic,38,MaxAbsEStateIndex,0.008370217681099659
Mutagenic,38,MaxAbsPartialCharge,0.010125224856387043
Mutagenic,38,MaxEStateIndex,0.011085188514089983
Mutagenic,38,MaxPartialCharge,0.012526567013890289
Mutagenic,38,MinAbsEStateIndex,0.009058128086248132
Mutagenic,38,MinAbsPartialCharge,0.009029112133416091
Mutagenic,38,MinEStateIndex,0.010650706674749448
Mutagenic,38,MinPartialCharge,0.007363665315860844
Mutagenic,38,MolLogP,0.0067277694276957276
Mutagenic,38,MolMR,0.012471939394263831
Mutagenic,38,MolWt,0.005393408634947738
Mutagenic,38,NumValenceElectrons,0.00508570445909639
Mutagenic,38,PEOE_VSA6,0.00878163746148174
Mutagenic,38,SMR_VSA1,0.008521683244155488
Mutagenic,38,SMR_VSA10,0.028969595318645805
Mutagenic,38,SMR_VSA5,0.005416934635965996
Mutagenic,38,SMR_VSA7,0.006595118038443994
Mutagenic,38,SlogP_VSA2,0.016548674395449943
Mutagenic,38,SlogP_VSA3,0.03395447638158924
Mutagenic,38,VSA_EState1,0.0034917212367898062
Mutagenic,38,VSA_EState3,0.0059711788465770695
Mutagenic,38,VSA_EState5,0.011775662002840498
Mutagenic,38,VSA_EState7,0.00783090504488439
Mutagenic,38,VSA_EState8,0.005921754653782962
Mutagenic,39,BalabanJ,0.013532122612507965
Mutagenic,39,BertzCT,0.009805718962574013
Mutagenic,39,Chi0,0.0022989237569055105
Mutagenic,39,Chi0n,0.004589429670702114
Mutagenic,39,Chi0v,0.007189358737656669
Mutagenic,39,Chi1,0.007954060879141843
Mutagenic,39,Chi1n,0.004929473458230355
Mutagenic,39,Chi1v,0.005406594352754614
Mutagenic,39,Chi2n,0.006578730795273248
Mutagenic,39,Chi2v,0.006412151582600548
Mutagenic,39,Chi3n,0.004617582906545302
Mutagenic,39,Chi3v,0.007590696089918693
Mutagenic,39,Chi4n,0.006027902020157219
Mutagenic,39,Chi4v,0.005572648616426552
Mutagenic,39,EState_VSA2,0.004804185135832905
Mutagenic,39,EState_VSA9,0.017182171776522277
Mutagenic,39,HallKierAlpha,0.015467125822496326
Mutagenic,39,HeavyAtomMolWt,0.01631432539858982
Mutagenic,39,Kappa1,0.014672607339795377
Mutagenic,39,Kappa2,0.011080017268761067
Mutagenic,39,Kappa3,0.0058445552981353285
Mutagenic,39,MaxAbsEStateIndex,0.008278096166999005
Mutagenic,39,MaxAbsPartialCharge,0.007490502771885284
Mutagenic,39,MaxEStateIndex,0.010620866256431879
Mutagenic,39,MaxPartialCharge,0.0096014049974983
Mutagenic,39,MinAbsEStateIndex,0.010565024895654522
Mutagenic,39,MinAbsPartialCharge,0.009549919945122868
Mutagenic,39,MinEStateIndex,0.010621796506748757
Mutagenic,39,MinPartialCharge,0.007117749784286858
Mutagenic,39,MolLogP,0.007482813033313892
Mutagenic,39,MolMR,0.012471168354245856
Mutagenic,39,MolWt,0.01023994172006024
Mutagenic,39,NumValenceElectrons,0.002766067831752544
Mutagenic,39,PEOE_VSA1,0.004586010159141165
Mutagenic,39,PEOE_VSA14,0.0034655412744965964
Mutagenic,39,PEOE_VSA6,0.012981153416355952
Mutagenic,39,SMR_VSA1,0.00518702552642846
Mutagenic,39,SMR_VSA10,0.0484217863608214
Mutagenic,39,SlogP_VSA2,0.01109952983968555
Mutagenic,39,SlogP_VSA3,0.021635838797503023
Mutagenic,39,SlogP_VSA5,0.0036283190819443147
Mutagenic,39,VSA_EState1,0.004820080685371711
Mutagenic,39,VSA_EState10,0.007104589337545719
Mutagenic,39,VSA_EState5,0.011253862815991946
Mutagenic,39,VSA_EState7,0.020510495100718066
Mutagenic,39,VSA_EState8,0.012490859458919737
Mutagenic,40,BalabanJ,0.009996831810836576
Mutagenic,40,BertzCT,0.006535546824940298
Mutagenic,40,Chi0n,0.005318904270003593
Mutagenic,40,Chi0v,0.005233399695278139
Mutagenic,40,Chi1,0.003289309002045259
Mutagenic,40,Chi1n,0.003052603538271001
Mutagenic,40,Chi1v,0.005913058023198944
Mutagenic,40,Chi2n,0.008059917305159262
Mutagenic,40,Chi2v,0.007081893593616077
Mutagenic,40,Chi3n,0.011444833095617082
Mutagenic,40,Chi3v,0.0043138511402444155
Mutagenic,40,Chi4n,0.008748564789468321
Mutagenic,40,Chi4v,0.006744336015491084
Mutagenic,40,EState_VSA2,0.00509530308708124
Mutagenic,40,EState_VSA8,0.007897081909983571
Mutagenic,40,EState_VSA9,0.033272896802669504
Mutagenic,40,HallKierAlpha,0.012871239001119117
Mutagenic,40,HeavyAtomMolWt,0.008524598187214742
Mutagenic,40,Kappa1,0.009728190277460986
Mutagenic,40,Kappa2,0.011076175811633242
Mutagenic,40,Kappa3,0.010345332603258945
Mutagenic,40,MaxAbsEStateIndex,0.013028268137930468
Mutagenic,40,MaxAbsPartialCharge,0.007563729811026043
Mutagenic,40,MaxEStateIndex,0.010785288224400313
Mutagenic,40,MaxPartialCharge,0.012028401061540041
Mutagenic,40,MinAbsEStateIndex,0.005837850919399467
Mutagenic,40,MinAbsPartialCharge,0.008672689586708106
Mutagenic,40,MinEStateIndex,0.009724875764286624
Mutagenic,40,MinPartialCharge,0.009090091033366821
Mutagenic,40,MolLogP,0.00982641379010266
Mutagenic,40,MolMR,0.012881019273845795
Mutagenic,40,MolWt,0.006405495643928541
Mutagenic,40,NumHeteroatoms,0.005635463137606517
Mutagenic,40,NumValenceElectrons,0.003496112026765684
Mutagenic,40,PEOE_VSA14,0.008902787457774413
Mutagenic,40,PEOE_VSA6,0.010053128795990868
Mutagenic,40,SMR_VSA1,0.007796199208156775
Mutagenic,40,SMR_VSA10,0.025542543992403556
Mutagenic,40,SMR_VSA5,0.003419263104225522
Mutagenic,40,SlogP_VSA2,0.008800222069744528
Mutagenic,40,SlogP_VSA3,0.02990702074125336
Mutagenic,40,SlogP_VSA5,0.003849775203468982
Mutagenic,40,SlogP_VSA6,0.007960270627671467
Mutagenic,40,VSA_EState1,0.0037982711386006416
Mutagenic,40,VSA_EState4,0.025224356889077627
Mutagenic,40,VSA_EState5,0.010168230446990185
Mutagenic,40,VSA_EState7,0.008943668835492835
Mutagenic,40,VSA_EState8,0.0054816484228017975
Mutagenic,41,BalabanJ,0.011309072988364371
Mutagenic,41,BertzCT,0.012315344195704351
Mutagenic,41,Chi0,0.0039871127881847225
Mutagenic,41,Chi0n,0.004269625699618558
Mutagenic,41,Chi0v,0.006898046246254587
Mutagenic,41,Chi1,0.006433449899045792
Mutagenic,41,Chi1n,0.0038274876669626323
Mutagenic,41,Chi1v,0.0036216045720578343
Mutagenic,41,Chi2n,0.007722525438299209
Mutagenic,41,Chi2v,0.00524325342782878
Mutagenic,41,Chi3n,0.0033091028080224735
Mutagenic,41,Chi3v,0.004991547355741689
Mutagenic,41,Chi4v,0.0035994523344344683
Mutagenic,41,EState_VSA2,0.0060597729292430355
Mutagenic,41,EState_VSA5,0.004484490576489242
Mutagenic,41,EState_VSA9,0.02243160431961384
Mutagenic,41,HallKierAlpha,0.014647359079215883
Mutagenic,41,HeavyAtomMolWt,0.011310882951339725
Mutagenic,41,Kappa1,0.02806467418858013
Mutagenic,41,Kappa2,0.009839595957761458
Mutagenic,41,Kappa3,0.009457671131565827
Mutagenic,41,MaxAbsEStateIndex,0.00976682816885772
Mutagenic,41,MaxAbsPartialCharge,0.008216171588368492
Mutagenic,41,MaxEStateIndex,0.008778691349911374
Mutagenic,41,MaxPartialCharge,0.009736413021766954
Mutagenic,41,MinAbsEStateIndex,0.014161386102692044
Mutagenic,41,MinAbsPartialCharge,0.008128708620262468
Mutagenic,41,MinEStateIndex,0.01140342593390384
Mutagenic,41,MinPartialCharge,0.009315961592734704
Mutagenic,41,MolLogP,0.006805614087647031
Mutagenic,41,MolMR,0.016602098333216186
Mutagenic,41,MolWt,0.005716065920584287
Mutagenic,41,NumValenceElectrons,0.0033903385976357505
Mutagenic,41,PEOE_VSA14,0.007549320292478216
Mutagenic,41,PEOE_VSA6,0.009971523239497281
Mutagenic,41,SMR_VSA1,0.006673154611999099
Mutagenic,41,SMR_VSA10,0.027875683013049178
Mutagenic,41,SlogP_VSA2,0.005514064357177314
Mutagenic,41,SlogP_VSA3,0.03337226749423763
Mutagenic,41,TPSA,0.010650746598525824
Mutagenic,41,VSA_EState1,0.008086375110923074
Mutagenic,41,VSA_EState10,0.007881489362432105
Mutagenic,41,VSA_EState5,0.011577316821251895
Mutagenic,41,VSA_EState7,0.009130974640382527
Mutagenic,41,VSA_EState8,0.009202187863891542
Mutagenic,42,BalabanJ,0.014688550329765751
Mutagenic,42,BertzCT,0.01218234139162932
Mutagenic,42,Chi0,0.00267929460421511
Mutagenic,42,Chi0n,0.005200372340703958
Mutagenic,42,Chi0v,0.008716843144612107
Mutagenic,42,Chi1,0.004604854037045355
Mutagenic,42,Chi1n,0.004376479412244584
Mutagenic,42,Chi1v,0.0045416181710944215
Mutagenic,42,Chi2n,0.004218099089789601
Mutagenic,42,Chi2v,0.004557005725223739
Mutagenic,42,Chi3n,0.005728555701129165
Mutagenic,42,Chi4n,0.01253299308535108
Mutagenic,42,EState_VSA2,0.00801834299767692
Mutagenic,42,EState_VSA5,0.0064279169662957115
Mutagenic,42,EState_VSA6,0.007054996936683965
Mutagenic,42,EState_VSA9,0.02746992473720151
Mutagenic,42,HallKierAlpha,0.013645808550541866
Mutagenic,42,HeavyAtomMolWt,0.009171614883912257
Mutagenic,42,Kappa1,0.013709277625401037
Mutagenic,42,Kappa2,0.009263390406611989
Mutagenic,42,Kappa3,0.009782726339184351
Mutagenic,42,MaxAbsEStateIndex,0.012816662846689043
Mutagenic,42,MaxAbsPartialCharge,0.009242825108828482
Mutagenic,42,MaxEStateIndex,0.010904519495811954
Mutagenic,42,MaxPartialCharge,0.008110043422676272
Mutagenic,42,MinAbsEStateIndex,0.008991857223506643
Mutagenic,42,MinAbsPartialCharge,0.011086998029163958
Mutagenic,42,MinEStateIndex,0.009622258448322839
Mutagenic,42,MinPartialCharge,0.012034957476883129
Mutagenic,42,MolLogP,0.011642648975962039
Mutagenic,42,MolMR,0.014770574557531061
Mutagenic,42,MolWt,0.009400288895076539
Mutagenic,42,NumValenceElectrons,0.005796894597822535
Mutagenic,42,PEOE_VSA6,0.011115909623830147
Mutagenic,42,SMR_VSA1,0.008614435172394968
Mutagenic,42,SMR_VSA10,0.038139924245998144
Mutagenic,42,SMR_VSA5,0.004196034294613803
Mutagenic,42,SlogP_VSA2,0.009331434141300207
Mutagenic,42,SlogP_VSA3,0.02963690528082202
Mutagenic,42,SlogP_VSA5,0.003296093687657117
Mutagenic,42,VSA_EState10,0.0074337570288250795
Mutagenic,42,VSA_EState5,0.012203380911012925
Mutagenic,42,VSA_EState7,0.010626802330147437
Mutagenic,42,VSA_EState8,0.006823553075501736
Mutagenic,43,BalabanJ,0.008382014317723514
Mutagenic,43,BertzCT,0.00830442007140175
Mutagenic,43,Chi0n,0.003772405803360777
Mutagenic,43,Chi0v,0.01113639176875446
Mutagenic,43,Chi1,0.008083133353294416
Mutagenic,43,Chi1n,0.005178480529294018
Mutagenic,43,Chi1v,0.011323025444817836
Mutagenic,43,Chi2n,0.006557952240771125
Mutagenic,43,Chi2v,0.008663508732027682
Mutagenic,43,Chi3n,0.004354179485524173
Mutagenic,43,Chi3v,0.003356155014114519
Mutagenic,43,Chi4n,0.005117185504701039
Mutagenic,43,Chi4v,0.005522400753201533
Mutagenic,43,EState_VSA10,0.002468108208769741
Mutagenic,43,EState_VSA2,0.005001494261530767
Mutagenic,43,EState_VSA5,0.002559576823300287
Mutagenic,43,EState_VSA8,0.008823101982214131
Mutagenic,43,EState_VSA9,0.011671641244101123
Mutagenic,43,HallKierAlpha,0.012411020647405806
Mutagenic,43,HeavyAtomMolWt,0.005706073173126012
Mutagenic,43,Kappa1,0.014894054849774425
Mutagenic,43,Kappa2,0.013523500824959723
Mutagenic,43,Kappa3,0.013475391237765394
Mutagenic,43,MaxAbsEStateIndex,0.00932014077664594
Mutagenic,43,MaxAbsPartialCharge,0.006513600910455961
Mutagenic,43,MaxEStateIndex,0.008612075799791882
Mutagenic,43,MaxPartialCharge,0.01282577069174674
Mutagenic,43,MinAbsEStateIndex,0.007919242939594269
Mutagenic,43,MinAbsPartialCharge,0.007418191341977204
Mutagenic,43,MinEStateIndex,0.008250802877035435
Mutagenic,43,MinPartialCharge,0.006421203820125811
Mutagenic,43,MolLogP,0.011136892454127169
Mutagenic,43,MolMR,0.007356164714249436
Mutagenic,43,MolWt,0.006140513402677014
Mutagenic,43,NumHeteroatoms,0.002411127929329839
Mutagenic,43,NumValenceElectrons,0.003731676041063943
Mutagenic,43,PEOE_VSA6,0.014617467980333771
Mutagenic,43,SMR_VSA1,0.009303083371674056
Mutagenic,43,SMR_VSA10,0.028244752110286667
Mutagenic,43,SMR_VSA5,0.007643327604696035
Mutagenic,43,SlogP_VSA2,0.01850857419715242
Mutagenic,43,SlogP_VSA3,0.020927080709088133
Mutagenic,43,SlogP_VSA5,0.005461502629865614
Mutagenic,43,TPSA,0.005049304665792166
Mutagenic,43,VSA_EState1,0.007978506867695558
Mutagenic,43,VSA_EState2,0.008371054291851185
Mutagenic,43,VSA_EState4,0.009870022195066878
Mutagenic,43,VSA_EState5,0.013704312146112015
Mutagenic,43,VSA_EState7,0.010643619912675435
Mutagenic,43,VSA_EState8,0.011692247138396528
Mutagenic,44,BalabanJ,0.014295783634798716
Mutagenic,44,BertzCT,0.012712647568034946
Mutagenic,44,Chi0,0.004675035129820207
Mutagenic,44,Chi0n,0.004112912707056462
Mutagenic,44,Chi0v,0.009831822282467739
Mutagenic,44,Chi1n,0.0045580634085291795
Mutagenic,44,Chi1v,0.004153621472092115
Mutagenic,44,Chi2n,0.006226512844955453
Mutagenic,44,Chi2v,0.0076795918856302535
Mutagenic,44,Chi3n,0.0034077325987074748
Mutagenic,44,Chi4n,0.007943093839707541
Mutagenic,44,Chi4v,0.01046150620442417
Mutagenic,44,EState_VSA2,0.008933167740738901
Mutagenic,44,HallKierAlpha,0.016024963447184203
Mutagenic,44,HeavyAtomMolWt,0.007007513159410786
Mutagenic,44,Kappa1,0.013708896908616753
Mutagenic,44,Kappa2,0.010838418676423534
Mutagenic,44,Kappa3,0.008593636815357322
Mutagenic,44,MaxAbsEStateIndex,0.008904731025824276
Mutagenic,44,MaxAbsPartialCharge,0.008547135754310741
Mutagenic,44,MaxEStateIndex,0.01092711995621868
Mutagenic,44,MaxPartialCharge,0.004656480397686885
Mutagenic,44,MinAbsEStateIndex,0.013848372934643758
Mutagenic,44,MinAbsPartialCharge,0.006498674487525033
Mutagenic,44,MinEStateIndex,0.010379351013158577
Mutagenic,44,MinPartialCharge,0.012090252667663759
Mutagenic,44,MolLogP,0.011377037285380477
Mutagenic,44,MolMR,0.012974827880712239
Mutagenic,44,MolWt,0.006806641332049039
Mutagenic,44,NumHeteroatoms,0.0067607559670722584
Mutagenic,44,NumValenceElectrons,0.005116874474725755
Mutagenic,44,PEOE_VSA6,0.008321015466778124
Mutagenic,44,SMR_VSA1,0.012289807296040236
Mutagenic,44,SMR_VSA10,0.057218247829819144
Mutagenic,44,SMR_VSA5,0.006865667853513816
Mutagenic,44,SMR_VSA7,0.00961145899062137
Mutagenic,44,SlogP_VSA2,0.0090997774201333
Mutagenic,44,SlogP_VSA3,0.03665749936582675
Mutagenic,44,SlogP_VSA5,0.004951565561923898
Mutagenic,44,TPSA,0.011370922704967054
Mutagenic,44,VSA_EState1,0.005439556987993557
Mutagenic,44,VSA_EState10,0.008043568884409845
Mutagenic,44,VSA_EState5,0.014259523327516965
Mutagenic,44,VSA_EState7,0.003887061551615466
Mutagenic,44,VSA_EState8,0.006810493372440168
Mutagenic,45,BalabanJ,0.01301084350408268
Mutagenic,45,BertzCT,0.023704475485174178
Mutagenic,45,Chi0,0.002721183060943718
Mutagenic,45,Chi0n,0.004065960027342562
Mutagenic,45,Chi0v,0.008710752299726097
Mutagenic,45,Chi1n,0.002179649868203041
Mutagenic,45,Chi1v,0.005981808284688316
Mutagenic,45,Chi2n,0.009730944523979223
Mutagenic,45,Chi2v,0.006499655580168525
Mutagenic,45,Chi3n,0.008355109934371115
Mutagenic,45,Chi3v,0.005905028851697282
Mutagenic,45,Chi4n,0.016682822236172453
Mutagenic,45,Chi4v,0.005325175303097146
Mutagenic,45,EState_VSA10,0.001634996620034846
Mutagenic,45,EState_VSA2,0.009136653016563974
Mutagenic,45,EState_VSA9,0.019566860923831895
Mutagenic,45,HallKierAlpha,0.01450635831796257
Mutagenic,45,HeavyAtomCount,0.0028334316447936746
Mutagenic,45,HeavyAtomMolWt,0.006997689447840018
Mutagenic,45,Kappa1,0.010057841459921118
Mutagenic,45,Kappa2,0.008084798176455577
Mutagenic,45,Kappa3,0.009434656953840374
Mutagenic,45,MaxAbsEStateIndex,0.012351807001861335
Mutagenic,45,MaxAbsPartialCharge,0.011491560507594457
Mutagenic,45,MaxEStateIndex,0.008929288304988238
Mutagenic,45,MaxPartialCharge,0.009698727786937476
Mutagenic,45,MinAbsEStateIndex,0.011925354002961545
Mutagenic,45,MinAbsPartialCharge,0.006976352786062942
Mutagenic,45,MinEStateIndex,0.0111572038921103
Mutagenic,45,MinPartialCharge,0.008119033391820818
Mutagenic,45,MolLogP,0.008093345600486824
Mutagenic,45,MolMR,0.009346300513940827
Mutagenic,45,MolWt,0.007240211521588295
Mutagenic,45,NumValenceElectrons,0.0027928577997194375
Mutagenic,45,PEOE_VSA1,0.005130406121050066
Mutagenic,45,PEOE_VSA6,0.007410505947484681
Mutagenic,45,PEOE_VSA9,0.013858429004749335
Mutagenic,45,SMR_VSA1,0.004964821922869428
Mutagenic,45,SMR_VSA10,0.042704177001192604
Mutagenic,45,SlogP_VSA2,0.007279015875406807
Mutagenic,45,SlogP_VSA3,0.030338759352165526
Mutagenic,45,VSA_EState2,0.005215959469782273
Mutagenic,45,VSA_EState5,0.009262125754146925
Mutagenic,45,VSA_EState7,0.0066007774667068
Mutagenic,45,VSA_EState8,0.007048058704701367
Mutagenic,46,BalabanJ,0.015849116788424416
Mutagenic,46,BertzCT,0.007059778066862945
Mutagenic,46,Chi0,0.004869151405382024
Mutagenic,46,Chi0n,0.007209855203850656
Mutagenic,46,Chi0v,0.0088690452069584
Mutagenic,46,Chi1n,0.0036395765457924753
Mutagenic,46,Chi1v,0.010014081366528454
Mutagenic,46,Chi2n,0.006290010995025774
Mutagenic,46,Chi2v,0.004078984595153625
Mutagenic,46,Chi3n,0.003840500404227964
Mutagenic,46,Chi3v,0.007306895031266281
Mutagenic,46,Chi4n,0.010201556445064286
Mutagenic,46,Chi4v,0.004480488371525429
Mutagenic,46,EState_VSA2,0.003660068166053938
Mutagenic,46,EState_VSA9,0.028332004470425536
Mutagenic,46,HallKierAlpha,0.014761612402865547
Mutagenic,46,HeavyAtomMolWt,0.011456307078149217
Mutagenic,46,Kappa1,0.012129581778454432
Mutagenic,46,Kappa2,0.014951702478178237
Mutagenic,46,Kappa3,0.005865795194281539
Mutagenic,46,MaxAbsEStateIndex,0.009054914590072943
Mutagenic,46,MaxAbsPartialCharge,0.012960891979344004
Mutagenic,46,MaxEStateIndex,0.011751178875860045
Mutagenic,46,MaxPartialCharge,0.010468757207207318
Mutagenic,46,MinAbsEStateIndex,0.005701715616856726
Mutagenic,46,MinAbsPartialCharge,0.005259013112899044
Mutagenic,46,MinEStateIndex,0.007511646153964269
Mutagenic,46,MinPartialCharge,0.00893731980036374
Mutagenic,46,MolLogP,0.010168884144511729
Mutagenic,46,MolMR,0.018249282626348607
Mutagenic,46,MolWt,0.006537934037780194
Mutagenic,46,NumHeteroatoms,0.0067193520967789005
Mutagenic,46,NumValenceElectrons,0.006481914822915752
Mutagenic,46,PEOE_VSA6,0.007338968616528908
Mutagenic,46,PEOE_VSA9,0.006411304404784764
Mutagenic,46,SMR_VSA1,0.010126582548145557
Mutagenic,46,SMR_VSA10,0.031172800051778124
Mutagenic,46,SMR_VSA6,0.003256598564581494
Mutagenic,46,SlogP_VSA2,0.008629353145003463
Mutagenic,46,SlogP_VSA3,0.02648540903730407
Mutagenic,46,TPSA,0.007751892452252593
Mutagenic,46,VSA_EState1,0.004123804316367631
Mutagenic,46,VSA_EState10,0.006095558160992427
Mutagenic,46,VSA_EState5,0.008523424073959828
Mutagenic,46,VSA_EState7,0.008126390640353098
Mutagenic,46,VSA_EState8,0.007253352480882374
Mutagenic,47,BalabanJ,0.015426835632792834
Mutagenic,47,BertzCT,0.009444012663197207
Mutagenic,47,Chi0n,0.004661742027486498
Mutagenic,47,Chi0v,0.006266993012054668
Mutagenic,47,Chi1,0.00970432205570895
Mutagenic,47,Chi1n,0.010168502270595237
Mutagenic,47,Chi1v,0.006763287127048806
Mutagenic,47,Chi2n,0.009958719323249307
Mutagenic,47,Chi2v,0.0043679917504786635
Mutagenic,47,Chi3n,0.011150451054043692
Mutagenic,47,Chi3v,0.006532018636400231
Mutagenic,47,Chi4n,0.007187724280065779
Mutagenic,47,Chi4v,0.0035812068802792887
Mutagenic,47,EState_VSA2,0.003593516856929236
Mutagenic,47,EState_VSA5,0.005501678227216475
Mutagenic,47,EState_VSA9,0.010843592343477001
Mutagenic,47,HallKierAlpha,0.012400197708325558
Mutagenic,47,HeavyAtomMolWt,0.007299330988724664
Mutagenic,47,Kappa1,0.01056250030728744
Mutagenic,47,Kappa2,0.014225747088893058
Mutagenic,47,Kappa3,0.008658677550303235
Mutagenic,47,MaxAbsEStateIndex,0.010486838922940334
Mutagenic,47,MaxAbsPartialCharge,0.009190089997589303
Mutagenic,47,MaxEStateIndex,0.00920644375937246
Mutagenic,47,MaxPartialCharge,0.00965118942243269
Mutagenic,47,MinAbsEStateIndex,0.008726871434363207
Mutagenic,47,MinAbsPartialCharge,0.011327956700831027
Mutagenic,47,MinEStateIndex,0.009067107797796983
Mutagenic,47,MinPartialCharge,0.009566542528717801
Mutagenic,47,MolLogP,0.013548566034922811
Mutagenic,47,MolMR,0.024810826338030553
Mutagenic,47,MolWt,0.0072363014824555205
Mutagenic,47,NumValenceElectrons,0.005842123678228328
Mutagenic,47,PEOE_VSA6,0.013423400731764288
Mutagenic,47,PEOE_VSA7,0.00787222126837142
Mutagenic,47,SMR_VSA1,0.008331061446539728
Mutagenic,47,SMR_VSA10,0.015010216229477793
Mutagenic,47,SMR_VSA5,0.00501666669788427
Mutagenic,47,SMR_VSA7,0.008185578155555933
Mutagenic,47,SlogP_VSA2,0.009439283357993855
Mutagenic,47,SlogP_VSA3,0.019915085466331157
Mutagenic,47,TPSA,0.006923936385057412
Mutagenic,47,VSA_EState1,0.0031368369021495964
Mutagenic,47,VSA_EState10,0.0036498318465935393
Mutagenic,47,VSA_EState2,0.008899584056969126
Mutagenic,47,VSA_EState3,0.0047129879533286565
Mutagenic,47,VSA_EState5,0.01831650901732682
Mutagenic,47,VSA_EState7,0.008656974998296417
Mutagenic,48,BalabanJ,0.010348066225424783
Mutagenic,48,BertzCT,0.012557533526793252
Mutagenic,48,Chi0,0.006060668421371685
Mutagenic,48,Chi0n,0.004052990267772135
Mutagenic,48,Chi0v,0.009966697420090388
Mutagenic,48,Chi1,0.006606482989315136
Mutagenic,48,Chi1n,0.003900108081778935
Mutagenic,48,Chi1v,0.005249950670864645
Mutagenic,48,Chi2n,0.007210131306859753
Mutagenic,48,Chi2v,0.0057984176292222075
Mutagenic,48,Chi3n,0.007187812905368805
Mutagenic,48,Chi3v,0.008351604298406798
Mutagenic,48,Chi4n,0.007938932421015552
Mutagenic,48,Chi4v,0.003409543265449986
Mutagenic,48,EState_VSA2,0.009733028599973059
Mutagenic,48,HallKierAlpha,0.014094479902595033
Mutagenic,48,HeavyAtomMolWt,0.007571698992214123
Mutagenic,48,Kappa1,0.016517968483478196
Mutagenic,48,Kappa2,0.010323294315428857
Mutagenic,48,Kappa3,0.010912588077113325
Mutagenic,48,MaxAbsEStateIndex,0.006765327697301702
Mutagenic,48,MaxAbsPartialCharge,0.010532410822193458
Mutagenic,48,MaxEStateIndex,0.010226804594519957
Mutagenic,48,MaxPartialCharge,0.006173246448213308
Mutagenic,48,MinAbsEStateIndex,0.00955040620268147
Mutagenic,48,MinAbsPartialCharge,0.008208259878639925
Mutagenic,48,MinEStateIndex,0.01308087534263947
Mutagenic,48,MinPartialCharge,0.0202052263373348
Mutagenic,48,MolLogP,0.010821358786757222
Mutagenic,48,MolMR,0.022070164381033652
Mutagenic,48,MolWt,0.010638547021614698
Mutagenic,48,NumHeteroatoms,0.0057908013797654595
Mutagenic,48,NumValenceElectrons,0.0055598506522505035
Mutagenic,48,PEOE_VSA6,0.008213139926894214
Mutagenic,48,SMR_VSA1,0.010338241755689415
Mutagenic,48,SMR_VSA10,0.03912683932454893
Mutagenic,48,SlogP_VSA2,0.009499811193013213
Mutagenic,48,SlogP_VSA3,0.041533226499150845
Mutagenic,48,VSA_EState1,0.007234635428887847
Mutagenic,48,VSA_EState10,0.001738746135841866
Mutagenic,48,VSA_EState2,0.006961759157887851
Mutagenic,48,VSA_EState5,0.007829772227101763
Mutagenic,48,VSA_EState7,0.012052631487905377
Mutagenic,48,VSA_EState8,0.008471039949082527
Mutagenic,49,BalabanJ,0.009844824741225064
Mutagenic,49,BertzCT,0.0084767159097142
Mutagenic,49,Chi0,0.0026181131059289046
Mutagenic,49,Chi0n,0.004500117978982033
Mutagenic,49,Chi0v,0.013933131198191276
Mutagenic,49,Chi1,0.005070234027242726
Mutagenic,49,Chi1n,0.003807340410727302
Mutagenic,49,Chi1v,0.01205993887737214
Mutagenic,49,Chi2n,0.010445952845187713
Mutagenic,49,Chi2v,0.0032591208054126236
Mutagenic,49,Chi3n,0.009091975770351486
Mutagenic,49,Chi3v,0.008043952896576834
Mutagenic,49,Chi4n,0.010918959430388356
Mutagenic,49,EState_VSA2,0.007011544540302684
Mutagenic,49,EState_VSA9,0.01985830139998198
Mutagenic,49,HallKierAlpha,0.007337659849183827
Mutagenic,49,HeavyAtomCount,0.0020278617555966744
Mutagenic,49,HeavyAtomMolWt,0.011680595663676328
Mutagenic,49,Kappa1,0.014469795549543241
Mutagenic,49,Kappa2,0.011456547412639734
Mutagenic,49,Kappa3,0.011138713230247559
Mutagenic,49,MaxAbsEStateIndex,0.008374516059195161
Mutagenic,49,MaxAbsPartialCharge,0.009017494602691817
Mutagenic,49,MaxEStateIndex,0.009136937762383869
Mutagenic,49,MaxPartialCharge,0.011489168925504023
Mutagenic,49,MinAbsEStateIndex,0.008861044946064524
Mutagenic,49,MinAbsPartialCharge,0.012694269445256937
Mutagenic,49,MinEStateIndex,0.011462111893692197
Mutagenic,49,MinPartialCharge,0.008862896612795476
Mutagenic,49,MolLogP,0.007666629996428923
Mutagenic,49,MolMR,0.017103803542724765
Mutagenic,49,MolWt,0.009155422135212284
Mutagenic,49,NumValenceElectrons,0.0064755933829490735
Mutagenic,49,PEOE_VSA1,0.006142909193219605
Mutagenic,49,PEOE_VSA6,0.008337864639455284
Mutagenic,49,SMR_VSA1,0.008218657279462515
Mutagenic,49,SMR_VSA10,0.029524881778072734
Mutagenic,49,SlogP_VSA2,0.011659211867990779
Mutagenic,49,SlogP_VSA3,0.02798385032537325
Mutagenic,49,TPSA,0.007480884400961337
Mutagenic,49,VSA_EState1,0.003702369348796743
Mutagenic,49,VSA_EState10,0.006090456968622269
Mutagenic,49,VSA_EState5,0.0073420374889378885
Mutagenic,49,VSA_EState6,0.010571551738145463
Mutagenic,49,VSA_EState8,0.009310508582811338
Mutagenic,50,BalabanJ,0.016026499450954957
Mutagenic,50,BertzCT,0.012614403783537436
Mutagenic,50,Chi0,0.0024181804117595486
Mutagenic,50,Chi0n,0.004209311561444215
Mutagenic,50,Chi0v,0.01209658866430481
Mutagenic,50,Chi1n,0.0035091313341099346
Mutagenic,50,Chi1v,0.005420819039753545
Mutagenic,50,Chi2n,0.008087377880894094
Mutagenic,50,Chi2v,0.005881529250450674
Mutagenic,50,Chi3n,0.0071472428861177415
Mutagenic,50,Chi3v,0.00451223481312082
Mutagenic,50,Chi4n,0.01730422156413447
Mutagenic,50,Chi4v,0.006572636918297916
Mutagenic,50,EState_VSA5,0.004330509643178252
Mutagenic,50,EState_VSA9,0.018224115366152833
Mutagenic,50,HallKierAlpha,0.016601718139638268
Mutagenic,50,HeavyAtomMolWt,0.01138301086336099
Mutagenic,50,Kappa1,0.013380117794686456
Mutagenic,50,Kappa2,0.009492223618172927
Mutagenic,50,Kappa3,0.010956743217498788
Mutagenic,50,MaxAbsEStateIndex,0.011123029739465197
Mutagenic,50,MaxAbsPartialCharge,0.00789864527357501
Mutagenic,50,MaxEStateIndex,0.009489154833589471
Mutagenic,50,MaxPartialCharge,0.012287924444519944
Mutagenic,50,MinAbsEStateIndex,0.0081153089354357
Mutagenic,50,MinAbsPartialCharge,0.011300728781770887
Mutagenic,50,MinEStateIndex,0.008404693370539399
Mutagenic,50,MinPartialCharge,0.010688289441224285
Mutagenic,50,MolLogP,0.009175543756335192
Mutagenic,50,MolMR,0.013600097035332747
Mutagenic,50,MolWt,0.007379211913809676
Mutagenic,50,NumValenceElectrons,0.003815379625241216
Mutagenic,50,PEOE_VSA6,0.008596345273037494
Mutagenic,50,PEOE_VSA7,0.013483981873909515
Mutagenic,50,PEOE_VSA9,0.007943570665049002
Mutagenic,50,SMR_VSA1,0.008717623462482171
Mutagenic,50,SMR_VSA10,0.053795331234957215
Mutagenic,50,SMR_VSA5,0.004086413018728462
Mutagenic,50,SlogP_VSA2,0.01105486787919008
Mutagenic,50,SlogP_VSA3,0.02530800880918476
Mutagenic,50,SlogP_VSA5,0.005491602538202992
Mutagenic,50,VSA_EState1,0.005502376350041636
Mutagenic,50,VSA_EState10,0.005543842432401911
Mutagenic,50,VSA_EState5,0.009466755099541284
Mutagenic,50,VSA_EState8,0.005715934369238098
